SET FOREIGN_KEY_CHECKS = 0;

-- TABLE: after_sale
DELETE FROM `after_sale`;
INSERT INTO `after_sale`(`id`,`after_sale_no`,`order_no`,`user_id`,`merchant_id`,`after_sale_type`,`apply_reason`,`proof_img_urls`,`after_sale_status`,`origin_order_status`,`return_logistics_company`,`return_logistics_no`,`return_ship_time`,`handle_result`,`admin_id`,`delete_flag`,`create_time`,`update_time`) VALUES (1,'AS1774148206693','O2035549350729482240',1,8,1,'变质','',3,NULL,NULL,NULL,NULL,'商家确实有问题',4,0,'2026-03-22 10:56:46','2026-03-22 10:56:46');
INSERT INTO `after_sale`(`id`,`after_sale_no`,`order_no`,`user_id`,`merchant_id`,`after_sale_type`,`apply_reason`,`proof_img_urls`,`after_sale_status`,`origin_order_status`,`return_logistics_company`,`return_logistics_no`,`return_ship_time`,`handle_result`,`admin_id`,`delete_flag`,`create_time`,`update_time`) VALUES (2,'AS1774149739532','O2035549350729482240',1,8,1,'变质','',3,NULL,NULL,NULL,NULL,'6666666',4,0,'2026-03-22 11:22:19','2026-03-22 11:22:19');
INSERT INTO `after_sale`(`id`,`after_sale_no`,`order_no`,`user_id`,`merchant_id`,`after_sale_type`,`apply_reason`,`proof_img_urls`,`after_sale_status`,`origin_order_status`,`return_logistics_company`,`return_logistics_no`,`return_ship_time`,`handle_result`,`admin_id`,`delete_flag`,`create_time`,`update_time`) VALUES (3,'AS1774150619706','O2035558103906414592',1,8,2,'少发','',3,NULL,NULL,NULL,NULL,'同意退款',NULL,0,'2026-03-22 11:36:59','2026-03-22 11:36:59');
INSERT INTO `after_sale`(`id`,`after_sale_no`,`order_no`,`user_id`,`merchant_id`,`after_sale_type`,`apply_reason`,`proof_img_urls`,`after_sale_status`,`origin_order_status`,`return_logistics_company`,`return_logistics_no`,`return_ship_time`,`handle_result`,`admin_id`,`delete_flag`,`create_time`,`update_time`) VALUES (4,'AS1774150799361','O2035558103906414592',1,8,1,'变质','',3,NULL,NULL,NULL,NULL,'同意退款',NULL,0,'2026-03-22 11:39:59','2026-03-22 11:39:59');
INSERT INTO `after_sale`(`id`,`after_sale_no`,`order_no`,`user_id`,`merchant_id`,`after_sale_type`,`apply_reason`,`proof_img_urls`,`after_sale_status`,`origin_order_status`,`return_logistics_company`,`return_logistics_no`,`return_ship_time`,`handle_result`,`admin_id`,`delete_flag`,`create_time`,`update_time`) VALUES (5,'AS2035623286817341440','O2035561594385235968',1,8,1,'变质-00','/uploads/18dc4927-d17f-4c74-affc-c342703005db.jpg',3,3,NULL,NULL,NULL,'666',NULL,0,'2026-03-22 15:43:06','2026-03-22 15:43:06');
INSERT INTO `after_sale`(`id`,`after_sale_no`,`order_no`,`user_id`,`merchant_id`,`after_sale_type`,`apply_reason`,`proof_img_urls`,`after_sale_status`,`origin_order_status`,`return_logistics_company`,`return_logistics_no`,`return_ship_time`,`handle_result`,`admin_id`,`delete_flag`,`create_time`,`update_time`) VALUES (6,'AS2035642282887319552','O2035641782250999808',1,8,2,'变质-你给我发劣质牛肉，我必须退款','/uploads/5c8999be-1fcf-43f3-bbb6-49c9f987ecae.jpeg,/uploads/35545a6b-2b27-4bbf-aba0-e4ecd4b11486.jpg,/uploads/32d11395-8925-4758-af23-4440cfca549d.jpg',3,4,'顺丰公司','343333333333455555555555','2026-03-22 17:00:41','商家确认收到退货，退款完成。',NULL,0,'2026-03-22 16:58:35','2026-03-22 16:58:35');
INSERT INTO `after_sale`(`id`,`after_sale_no`,`order_no`,`user_id`,`merchant_id`,`after_sale_type`,`apply_reason`,`proof_img_urls`,`after_sale_status`,`origin_order_status`,`return_logistics_company`,`return_logistics_no`,`return_ship_time`,`handle_result`,`admin_id`,`delete_flag`,`create_time`,`update_time`) VALUES (7,'AS2035703329170001920','O2035558103906414592',1,8,2,'规格不符-太垃圾了','/uploads/0955df3f-9843-4088-9f6e-7583a6898e21.jpg,/uploads/a6f85ff2-6052-40fd-abcc-f58706f44085.png',3,3,'顺丰快递','11111111111222222222222221','2026-03-22 21:02:29','商家确认收到退货，退款完成。',NULL,0,'2026-03-22 21:01:09','2026-03-22 21:01:09');
INSERT INTO `after_sale`(`id`,`after_sale_no`,`order_no`,`user_id`,`merchant_id`,`after_sale_type`,`apply_reason`,`proof_img_urls`,`after_sale_status`,`origin_order_status`,`return_logistics_company`,`return_logistics_no`,`return_ship_time`,`handle_result`,`admin_id`,`delete_flag`,`create_time`,`update_time`) VALUES (8,'AS2036860441719877632','O2036859784271114240',1,8,2,'变质-牛肉变质了，根本吃不了，垃圾东西','/uploads/c2aecaed-6e7a-4fc3-b966-9077450f82ab.png',3,4,'顺丰公司','3333333333333333333333333344444','2026-03-26 02:16:15','商家确认收到退货，退款完成。',NULL,0,'2026-03-26 01:39:07','2026-03-26 01:39:07');
INSERT INTO `after_sale`(`id`,`after_sale_no`,`order_no`,`user_id`,`merchant_id`,`after_sale_type`,`apply_reason`,`proof_img_urls`,`after_sale_status`,`origin_order_status`,`return_logistics_company`,`return_logistics_no`,`return_ship_time`,`handle_result`,`admin_id`,`delete_flag`,`create_time`,`update_time`) VALUES (9,'AS2036879655792939008','O2036870162166214656',1,8,2,'变质-太垃圾了，吃完就拉肚子','/uploads/9969eb8c-54c4-436c-948a-067dcfe2314e.png',3,4,'顺丰公司','34344444444445555556','2026-03-26 02:57:35','商家确认收到退货，退款完成。',NULL,0,'2026-03-26 02:55:27','2026-03-26 02:55:27');
INSERT INTO `after_sale`(`id`,`after_sale_no`,`order_no`,`user_id`,`merchant_id`,`after_sale_type`,`apply_reason`,`proof_img_urls`,`after_sale_status`,`origin_order_status`,`return_logistics_company`,`return_logistics_no`,`return_ship_time`,`handle_result`,`admin_id`,`delete_flag`,`create_time`,`update_time`) VALUES (10,'AS2036884058616877056','O2036882988180164608',1,8,2,'变质-不好吃','/uploads/ad4baeb6-d444-4968-b2eb-9d6d647e60c2.png',3,4,'顺丰速运','99999999999999999999','2026-03-26 03:25:50','商家确认收到退货，退款完成。',NULL,0,'2026-03-26 03:12:57','2026-03-26 03:12:57');
INSERT INTO `after_sale`(`id`,`after_sale_no`,`order_no`,`user_id`,`merchant_id`,`after_sale_type`,`apply_reason`,`proof_img_urls`,`after_sale_status`,`origin_order_status`,`return_logistics_company`,`return_logistics_no`,`return_ship_time`,`handle_result`,`admin_id`,`delete_flag`,`create_time`,`update_time`) VALUES (11,'AS2036887631492714496','O2036887422532489216',1,8,2,'变质-急急急','/uploads/770e0e22-9aeb-44e6-8a83-2bde5fc6685c.png',3,4,'德邦快递','999999999999999999','2026-03-26 03:33:50','商家确认收到退货，退款完成。',NULL,0,'2026-03-26 03:27:09','2026-03-26 03:27:09');
INSERT INTO `after_sale`(`id`,`after_sale_no`,`order_no`,`user_id`,`merchant_id`,`after_sale_type`,`apply_reason`,`proof_img_urls`,`after_sale_status`,`origin_order_status`,`return_logistics_company`,`return_logistics_no`,`return_ship_time`,`handle_result`,`admin_id`,`delete_flag`,`create_time`,`update_time`) VALUES (12,'AS2036889811767431168','O2036889565284962304',1,8,1,'少发-666','/uploads/321eacc3-8d28-47bb-91c1-c5a7a7520fc1.jpg',3,3,NULL,NULL,NULL,'商家全责',4,0,'2026-03-26 03:35:49','2026-03-26 03:35:49');

-- TABLE: after_sale_communication
DELETE FROM `after_sale_communication`;
INSERT INTO `after_sale_communication`(`id`,`after_sale_no`,`sender_type`,`sender_id`,`content`,`is_read`,`delete_flag`,`create_time`) VALUES (1,'AS1774148206693',1,1,'呵呵呵呵呵呵呵呵呵',1,0,'2026-03-22 10:57:01');
INSERT INTO `after_sale_communication`(`id`,`after_sale_no`,`sender_type`,`sender_id`,`content`,`is_read`,`delete_flag`,`create_time`) VALUES (2,'AS1774149739532',1,1,'7777',1,0,'2026-03-22 11:23:37');
INSERT INTO `after_sale_communication`(`id`,`after_sale_no`,`sender_type`,`sender_id`,`content`,`is_read`,`delete_flag`,`create_time`) VALUES (3,'AS2035623286817341440',1,1,'88888',1,0,'2026-03-22 15:43:11');
INSERT INTO `after_sale_communication`(`id`,`after_sale_no`,`sender_type`,`sender_id`,`content`,`is_read`,`delete_flag`,`create_time`) VALUES (4,'AS1774148206693',1,1,'666666',1,0,'2026-03-22 16:31:39');
INSERT INTO `after_sale_communication`(`id`,`after_sale_no`,`sender_type`,`sender_id`,`content`,`is_read`,`delete_flag`,`create_time`) VALUES (5,'AS1774148206693',1,1,'凭什么不通过',1,0,'2026-03-22 16:31:45');
INSERT INTO `after_sale_communication`(`id`,`after_sale_no`,`sender_type`,`sender_id`,`content`,`is_read`,`delete_flag`,`create_time`) VALUES (6,'AS2035642282887319552',1,1,'何意未',1,0,'2026-03-22 16:58:43');
INSERT INTO `after_sale_communication`(`id`,`after_sale_no`,`sender_type`,`sender_id`,`content`,`is_read`,`delete_flag`,`create_time`) VALUES (7,'AS2036860441719877632',1,1,'快点退货，混蛋',1,0,'2026-03-26 01:39:19');
INSERT INTO `after_sale_communication`(`id`,`after_sale_no`,`sender_type`,`sender_id`,`content`,`is_read`,`delete_flag`,`create_time`) VALUES (8,'AS2036860441719877632',2,8,'好的亲',1,0,'2026-03-26 01:40:02');
INSERT INTO `after_sale_communication`(`id`,`after_sale_no`,`sender_type`,`sender_id`,`content`,`is_read`,`delete_flag`,`create_time`) VALUES (9,'AS2036879655792939008',2,8,'已经收到您的申请了',1,0,'2026-03-26 02:55:50');
INSERT INTO `after_sale_communication`(`id`,`after_sale_no`,`sender_type`,`sender_id`,`content`,`is_read`,`delete_flag`,`create_time`) VALUES (10,'AS2036879655792939008',1,1,'ok',1,0,'2026-03-26 02:58:24');
INSERT INTO `after_sale_communication`(`id`,`after_sale_no`,`sender_type`,`sender_id`,`content`,`is_read`,`delete_flag`,`create_time`) VALUES (11,'AS2036879655792939008',1,1,'66',1,0,'2026-03-26 02:58:33');
INSERT INTO `after_sale_communication`(`id`,`after_sale_no`,`sender_type`,`sender_id`,`content`,`is_read`,`delete_flag`,`create_time`) VALUES (12,'AS2036884058616877056',1,1,'66',1,0,'2026-03-26 03:25:23');
INSERT INTO `after_sale_communication`(`id`,`after_sale_no`,`sender_type`,`sender_id`,`content`,`is_read`,`delete_flag`,`create_time`) VALUES (13,'AS2036884058616877056',2,8,'.。',1,0,'2026-03-26 03:25:28');
INSERT INTO `after_sale_communication`(`id`,`after_sale_no`,`sender_type`,`sender_id`,`content`,`is_read`,`delete_flag`,`create_time`) VALUES (14,'AS2036887631492714496',1,1,'777',1,0,'2026-03-26 03:33:53');

-- TABLE: audit_record
DELETE FROM `audit_record`;

-- TABLE: cart
DELETE FROM `cart`;
INSERT INTO `cart`(`id`,`user_id`,`product_id`,`product_num`,`select_status`,`delete_flag`,`create_time`,`update_time`) VALUES (1,1,1,5,1,1,'2026-03-18 20:24:34','2026-03-21 00:25:53');
INSERT INTO `cart`(`id`,`user_id`,`product_id`,`product_num`,`select_status`,`delete_flag`,`create_time`,`update_time`) VALUES (10,2,6,3,1,0,'2026-03-21 03:12:38','2026-03-21 03:12:38');
INSERT INTO `cart`(`id`,`user_id`,`product_id`,`product_num`,`select_status`,`delete_flag`,`create_time`,`update_time`) VALUES (26,2,17,2,1,0,'2026-03-21 03:19:39','2026-03-21 03:19:39');
INSERT INTO `cart`(`id`,`user_id`,`product_id`,`product_num`,`select_status`,`delete_flag`,`create_time`,`update_time`) VALUES (63,1,34,2,1,1,'2026-03-23 22:54:02','2026-03-25 18:16:38');
INSERT INTO `cart`(`id`,`user_id`,`product_id`,`product_num`,`select_status`,`delete_flag`,`create_time`,`update_time`) VALUES (72,1,7,3,1,1,'2026-03-26 03:26:05','2026-03-26 03:26:19');
INSERT INTO `cart`(`id`,`user_id`,`product_id`,`product_num`,`select_status`,`delete_flag`,`create_time`,`update_time`) VALUES (74,1,17,3,1,1,'2026-03-26 03:34:43','2026-03-26 03:34:50');

-- TABLE: comment
DELETE FROM `comment`;
INSERT INTO `comment`(`id`,`order_no`,`product_id`,`user_id`,`score`,`content`,`img_urls`,`media_urls`,`audit_status`,`delete_flag`,`create_time`,`update_time`) VALUES (1,'O17740351978381',17,1,5,'6666好吃的不行','',NULL,1,0,'2026-03-21 03:34:41','2026-03-21 03:34:41');
INSERT INTO `comment`(`id`,`order_no`,`product_id`,`user_id`,`score`,`content`,`img_urls`,`media_urls`,`audit_status`,`delete_flag`,`create_time`,`update_time`) VALUES (2,'O17740365976321',17,1,4,'六百六十六好吃的流口水，太鸡儿好吃了，无敌美味','',NULL,1,0,'2026-03-21 15:33:16','2026-03-21 15:33:16');
INSERT INTO `comment`(`id`,`order_no`,`product_id`,`user_id`,`score`,`content`,`img_urls`,`media_urls`,`audit_status`,`delete_flag`,`create_time`,`update_time`) VALUES (3,'O17741069270941',17,1,5,'牛逼6666','/uploads/446f575e-3fed-4687-8782-245c7eda1152.png,/uploads/0af5df61-53b0-4eef-829b-d6720334c5f7.jpg',NULL,1,0,'2026-03-22 00:11:16','2026-03-22 00:11:16');
INSERT INTO `comment`(`id`,`order_no`,`product_id`,`user_id`,`score`,`content`,`img_urls`,`media_urls`,`audit_status`,`delete_flag`,`create_time`,`update_time`) VALUES (4,'O17741055896111',17,1,5,'好吃的流口水mua','/uploads/4853279b-ac0d-4b24-8048-0ba07f722346.jpeg',NULL,1,0,'2026-03-22 00:11:40','2026-03-22 00:11:40');
INSERT INTO `comment`(`id`,`order_no`,`product_id`,`user_id`,`score`,`content`,`img_urls`,`media_urls`,`audit_status`,`delete_flag`,`create_time`,`update_time`) VALUES (5,'O2035388978198392832',17,1,3,'不好吃还特别贵，不建议购买','/uploads/aac72500-c74a-45cc-9ae8-bf60371d1e7b.jpg,/uploads/d0fe644b-fd27-4224-b666-63d23ee64ce1.jpeg',NULL,1,0,'2026-03-22 10:05:09','2026-03-22 10:05:09');
INSERT INTO `comment`(`id`,`order_no`,`product_id`,`user_id`,`score`,`content`,`img_urls`,`media_urls`,`audit_status`,`delete_flag`,`create_time`,`update_time`) VALUES (6,'O2035549350729482240',17,1,1,'又贵又难吃，一点都不好吃66666666666666666666666666666666666','/uploads/30630c4e-9b0f-4219-8aab-f5decc0c33a6.jpg',NULL,1,0,'2026-03-22 10:50:34','2026-03-22 10:50:34');

-- TABLE: logistics_info
DELETE FROM `logistics_info`;
INSERT INTO `logistics_info`(`id`,`order_no`,`logistics_company`,`logistics_no`,`logistics_status`,`abnormal_reason`,`delete_flag`,`create_time`,`update_time`) VALUES (1,'O17738504025506','SF','SF123',1,'物流超时超过5天，请核实并处理',0,'2026-03-19 00:13:22','2026-03-19 00:13:22');
INSERT INTO `logistics_info`(`id`,`order_no`,`logistics_company`,`logistics_no`,`logistics_status`,`abnormal_reason`,`delete_flag`,`create_time`,`update_time`) VALUES (2,'O17740351978381','SF','222222222222222222222222',1,'物流超时超过5天，请核实并处理',0,'2026-03-21 03:33:44','2026-03-21 03:33:44');
INSERT INTO `logistics_info`(`id`,`order_no`,`logistics_company`,`logistics_no`,`logistics_status`,`abnormal_reason`,`delete_flag`,`create_time`,`update_time`) VALUES (3,'O17740365976321','SF','22223243424322222',1,'物流超时超过5天，请核实并处理',0,'2026-03-21 15:31:46','2026-03-21 15:31:46');
INSERT INTO `logistics_info`(`id`,`order_no`,`logistics_company`,`logistics_no`,`logistics_status`,`abnormal_reason`,`delete_flag`,`create_time`,`update_time`) VALUES (4,'O17741055896111','SF','666666666666666666',1,NULL,0,'2026-03-21 23:11:06','2026-03-21 23:11:06');
INSERT INTO `logistics_info`(`id`,`order_no`,`logistics_company`,`logistics_no`,`logistics_status`,`abnormal_reason`,`delete_flag`,`create_time`,`update_time`) VALUES (5,'O17741069270941','SF','66666666666666666666666666666666',1,NULL,0,'2026-03-22 00:03:15','2026-03-22 00:03:15');
INSERT INTO `logistics_info`(`id`,`order_no`,`logistics_company`,`logistics_no`,`logistics_status`,`abnormal_reason`,`delete_flag`,`create_time`,`update_time`) VALUES (6,'O2035388978198392832','EMS','7676767676767676767',1,NULL,0,'2026-03-22 00:12:38','2026-03-22 00:12:38');
INSERT INTO `logistics_info`(`id`,`order_no`,`logistics_company`,`logistics_no`,`logistics_status`,`abnormal_reason`,`delete_flag`,`create_time`,`update_time`) VALUES (7,'O2035549350729482240','SF','12345465676575757',1,NULL,0,'2026-03-22 10:49:44','2026-03-22 10:49:44');
INSERT INTO `logistics_info`(`id`,`order_no`,`logistics_company`,`logistics_no`,`logistics_status`,`abnormal_reason`,`delete_flag`,`create_time`,`update_time`) VALUES (8,'O2035558103906414592','圆通速递','333333333333333333333333333333',1,NULL,0,'2026-03-22 11:25:54','2026-03-22 11:25:54');
INSERT INTO `logistics_info`(`id`,`order_no`,`logistics_company`,`logistics_no`,`logistics_status`,`abnormal_reason`,`delete_flag`,`create_time`,`update_time`) VALUES (9,'O2035561594385235968','SF','444444444444444444444444444',1,NULL,0,'2026-03-22 11:38:46','2026-03-22 11:38:46');
INSERT INTO `logistics_info`(`id`,`order_no`,`logistics_company`,`logistics_no`,`logistics_status`,`abnormal_reason`,`delete_flag`,`create_time`,`update_time`) VALUES (10,'O2035641782250999808','顺丰速运','45453535365464',1,NULL,0,'2026-03-22 16:57:35','2026-03-22 16:57:35');
INSERT INTO `logistics_info`(`id`,`order_no`,`logistics_company`,`logistics_no`,`logistics_status`,`abnormal_reason`,`delete_flag`,`create_time`,`update_time`) VALUES (11,'O2036859784271114240','SF','444444444444445555555555544',1,NULL,0,'2026-03-26 01:37:49','2026-03-26 01:37:49');
INSERT INTO `logistics_info`(`id`,`order_no`,`logistics_company`,`logistics_no`,`logistics_status`,`abnormal_reason`,`delete_flag`,`create_time`,`update_time`) VALUES (12,'O2036870162166214656','顺丰速运','44444444444444444',1,NULL,0,'2026-03-26 02:18:28','2026-03-26 02:18:28');
INSERT INTO `logistics_info`(`id`,`order_no`,`logistics_company`,`logistics_no`,`logistics_status`,`abnormal_reason`,`delete_flag`,`create_time`,`update_time`) VALUES (13,'O2036882988180164608','顺丰速运','999999999999999999999999',1,NULL,0,'2026-03-26 03:09:27','2026-03-26 03:09:27');
INSERT INTO `logistics_info`(`id`,`order_no`,`logistics_company`,`logistics_no`,`logistics_status`,`abnormal_reason`,`delete_flag`,`create_time`,`update_time`) VALUES (14,'O2036887422532489216','SF','9999999999999999999',1,NULL,0,'2026-03-26 03:26:35','2026-03-26 03:26:35');
INSERT INTO `logistics_info`(`id`,`order_no`,`logistics_company`,`logistics_no`,`logistics_status`,`abnormal_reason`,`delete_flag`,`create_time`,`update_time`) VALUES (15,'O2036889565284962304','SF','999999999999999',1,NULL,0,'2026-03-26 03:35:12','2026-03-26 03:35:12');

-- TABLE: merchant_account
DELETE FROM `merchant_account`;
INSERT INTO `merchant_account`(`id`,`merchant_id`,`account_type`,`account_no`,`account_name`,`verify_status`,`audit_status`,`verify_amount`,`verify_expire_time`,`verified_time`,`audit_submit_time`,`reject_reason`,`delete_flag`,`create_time`,`update_time`) VALUES (1,8,1,'3333333333333344444444444343','124',2,1,0.90,'2026-03-23 22:38:11','2026-03-23 22:08:19','2026-03-23 22:08:23',NULL,0,'2026-03-22 21:04:30','2026-03-22 21:04:30');

-- TABLE: merchant_info
DELETE FROM `merchant_info`;
INSERT INTO `merchant_info`(`id`,`phone`,`merchant_name`,`contact_person`,`contact_phone`,`password`,`audit_status`,`reject_reason`,`status`,`login_token`,`token_expire_time`,`delete_flag`,`create_time`,`update_time`,`id_card`,`id_card_front`,`id_card_back`,`license_img`) VALUES (1,'13800138001','张三家果园','张三','13800138001','$2a$10$OIpXufLWN4YUshOK6aMPDOnoS.x8D8oUwdPuIn7s.dlH0b99r0IOO',0,NULL,0,NULL,NULL,0,'2026-02-22 22:40:02','2026-02-22 22:40:02',NULL,NULL,NULL,NULL);
INSERT INTO `merchant_info`(`id`,`phone`,`merchant_name`,`contact_person`,`contact_phone`,`password`,`audit_status`,`reject_reason`,`status`,`login_token`,`token_expire_time`,`delete_flag`,`create_time`,`update_time`,`id_card`,`id_card_front`,`id_card_back`,`license_img`) VALUES (2,'13911112222','绿色生态农场','李四','13911112222','$2a$10$Wvt5V82tTX1wckizA5QTee0McsLqB5ZviqrcFAwBMotNY.F7fBPhm',0,NULL,0,NULL,NULL,0,'2026-03-01 15:06:30','2026-03-01 15:06:30',NULL,NULL,NULL,NULL);
INSERT INTO `merchant_info`(`id`,`phone`,`merchant_name`,`contact_person`,`contact_phone`,`password`,`audit_status`,`reject_reason`,`status`,`login_token`,`token_expire_time`,`delete_flag`,`create_time`,`update_time`,`id_card`,`id_card_front`,`id_card_back`,`license_img`) VALUES (3,'19981249474','罗汉之山东刚出炉的大馒头','罗汉之','19981249474','$2a$10$cO1btYcUar7W64dEW7sRhu41uBtnA5M04hbIoxkiVPJW/UhiIXCZ2',1,NULL,0,NULL,NULL,0,'2026-03-17 22:48:34','2026-03-18 17:02:00',NULL,NULL,NULL,NULL);
INSERT INTO `merchant_info`(`id`,`phone`,`merchant_name`,`contact_person`,`contact_phone`,`password`,`audit_status`,`reject_reason`,`status`,`login_token`,`token_expire_time`,`delete_flag`,`create_time`,`update_time`,`id_card`,`id_card_front`,`id_card_back`,`license_img`) VALUES (4,'19981249475','罗家菜园','罗罗罗','19981249475','$2a$10$64GjvxrVuCIa8XW1a33VzuBc5lEHTX6rE9/7JF7EZUlgQy6dVn3Ta',0,NULL,0,NULL,NULL,0,'2026-03-18 00:48:08','2026-03-18 00:48:08',NULL,NULL,NULL,NULL);
INSERT INTO `merchant_info`(`id`,`phone`,`merchant_name`,`contact_person`,`contact_phone`,`password`,`audit_status`,`reject_reason`,`status`,`login_token`,`token_expire_time`,`delete_flag`,`create_time`,`update_time`,`id_card`,`id_card_front`,`id_card_back`,`license_img`) VALUES (5,'19186400278','罗钧杰自售店铺','罗钧杰','19186400278','$2a$10$HZO44buMHs99fYEaZ8W0i.lY7H27GDYdZX8JEJx9AUS5M4RljxC9a',0,NULL,0,NULL,NULL,0,'2026-03-18 13:28:48','2026-03-18 13:28:48',NULL,NULL,NULL,NULL);
INSERT INTO `merchant_info`(`id`,`phone`,`merchant_name`,`contact_person`,`contact_phone`,`password`,`audit_status`,`reject_reason`,`status`,`login_token`,`token_expire_time`,`delete_flag`,`create_time`,`update_time`,`id_card`,`id_card_front`,`id_card_back`,`license_img`) VALUES (6,'13800000001','蒲江生态果园','张三','13800000001',NULL,1,NULL,1,NULL,NULL,0,'2026-03-18 19:32:41','2026-03-18 19:32:41',NULL,NULL,NULL,NULL);
INSERT INTO `merchant_info`(`id`,`phone`,`merchant_name`,`contact_person`,`contact_phone`,`password`,`audit_status`,`reject_reason`,`status`,`login_token`,`token_expire_time`,`delete_flag`,`create_time`,`update_time`,`id_card`,`id_card_front`,`id_card_back`,`license_img`) VALUES (7,'13800000002','三台养殖合作社','李四','13800000002',NULL,1,NULL,1,NULL,NULL,0,'2026-03-18 19:32:41','2026-03-18 19:32:41',NULL,NULL,NULL,NULL);
INSERT INTO `merchant_info`(`id`,`phone`,`merchant_name`,`contact_person`,`contact_phone`,`password`,`audit_status`,`reject_reason`,`status`,`login_token`,`token_expire_time`,`delete_flag`,`create_time`,`update_time`,`id_card`,`id_card_front`,`id_card_back`,`license_img`) VALUES (8,'13986443325','罗波肉铺专卖店','罗波','13986443325','$2a$10$Mym3yxhv2H/eI5W2EP/T2eZo4oz5twX/OqFyBUHDSEvJxaWhspUZO',1,NULL,1,NULL,NULL,0,'2026-03-18 19:49:50','2026-03-18 19:49:50','421302200405200815','/uploads/2df21ab9-720f-4df9-bcd2-fb211f725042.png','/uploads/8d6e6aba-dbef-40a5-9fad-132801a25892.png','/uploads/c35674d0-e0f3-4898-961f-7df40a104991.jpg');
INSERT INTO `merchant_info`(`id`,`phone`,`merchant_name`,`contact_person`,`contact_phone`,`password`,`audit_status`,`reject_reason`,`status`,`login_token`,`token_expire_time`,`delete_flag`,`create_time`,`update_time`,`id_card`,`id_card_front`,`id_card_back`,`license_img`) VALUES (9,'13986443326','路拒绝经典商铺','路拒绝','13986443326','$2a$10$m2PrG.pGUC3rRdIFLEFSlemOrVNwb85vjgAOYJz0tp51rByA8CfOu',1,NULL,1,NULL,NULL,0,'2026-03-19 14:06:14','2026-03-19 14:06:14','421302200405200815','/uploads/53073606-d6ed-4217-adb0-071e52a9da3d.png','/uploads/5a89c74e-110d-441f-b060-041681cd0e08.png','/uploads/479bfb8a-7e23-4d70-8d28-2f6566a31571.jpg');

-- TABLE: merchant_withdraw
DELETE FROM `merchant_withdraw`;

-- TABLE: news
DELETE FROM `news`;
INSERT INTO `news`(`id`,`title`,`category_id`,`content`,`cover_img`,`view_count`,`audit_status`,`create_by`,`delete_flag`,`create_time`,`update_time`) VALUES (1,'四川启动助农增收计划',1,'四川省农业农村厅近日印发《2026年助农增收工作方案》，旨在通过多渠道帮助农户增加收入...',NULL,3,1,1,0,'2026-03-18 19:32:41','2026-03-21 00:25:19');
INSERT INTO `news`(`id`,`title`,`category_id`,`content`,`cover_img`,`view_count`,`audit_status`,`create_by`,`delete_flag`,`create_time`,`update_time`) VALUES (2,'蒲江猕猴桃丰收在望',3,'今年气候适宜，蒲江县10万亩红心猕猴桃长势喜人，预计总产量将达15万吨，果农们正忙着采摘...',NULL,4,1,1,0,'2026-03-18 19:32:41','2026-03-24 23:29:25');
INSERT INTO `news`(`id`,`title`,`category_id`,`content`,`cover_img`,`view_count`,`audit_status`,`create_by`,`delete_flag`,`create_time`,`update_time`) VALUES (3,'伊戈达拉',2,'这是正文呵呵呵
','/uploads/df7be0ce-8944-4a62-8b0d-9f2a93dd8898.jpg',5,1,NULL,0,'2026-03-18 20:16:40','2026-03-22 10:45:12');
INSERT INTO `news`(`id`,`title`,`category_id`,`content`,`cover_img`,`view_count`,`audit_status`,`create_by`,`delete_flag`,`create_time`,`update_time`) VALUES (4,'2026年春季农产品冷链补贴政策解读',1,'# 政策要点

为降低生鲜流通损耗，平台联合地方部门发布冷链补贴细则：

- 冷链订单按单补贴运费；
- 偏远乡镇线路提高补贴上限；
- 商家需保持真实物流轨迹与签收记录。

建议商家在发货前核对冷链资质和运单信息。
','https://picsum.photos/seed/agri_n01/1200/700',130,1,4,0,'2026-03-22 19:40:43','2026-03-26 00:57:45');
INSERT INTO `news`(`id`,`title`,`category_id`,`content`,`cover_img`,`view_count`,`audit_status`,`create_by`,`delete_flag`,`create_time`,`update_time`) VALUES (5,'农村电商助农奖补资金申报流程（2026版）',1,'# 申报流程

1. 提交店铺经营与订单材料；
2. 平台初审后进入复核；
3. 公示通过后拨付奖补。

请确保票据、运单、订单号一致，避免因材料缺失影响进度。','https://picsum.photos/seed/agri_n02/1200/700',101,1,4,0,'2026-03-22 19:40:43','2026-03-24 23:29:28');
INSERT INTO `news`(`id`,`title`,`category_id`,`content`,`cover_img`,`view_count`,`audit_status`,`create_by`,`delete_flag`,`create_time`,`update_time`) VALUES (6,'绿色种养循环农业试点支持范围公布',1,'# 重点支持方向

- 有机肥替代化肥；
- 畜禽粪污资源化利用；
- 生态种养结合示范。

平台将持续发布入选地区与申报窗口时间。','https://picsum.photos/seed/agri_n03/1200/700',85,1,4,0,'2026-03-22 19:40:43','2026-03-26 00:57:50');
INSERT INTO `news`(`id`,`title`,`category_id`,`content`,`cover_img`,`view_count`,`audit_status`,`create_by`,`delete_flag`,`create_time`,`update_time`) VALUES (7,'县域物流共同配送补贴标准调整通知',1,'# 通知摘要

为提升末端配送效率，县域共同配送补贴标准优化如下：

- 高频线路提高补贴比例；
- 对偏远村点增加单票补助；
- 异常签收需在48小时内说明。','https://picsum.photos/seed/agri_n04/1200/700',74,1,4,0,'2026-03-22 19:40:43','2026-03-22 19:40:43');
INSERT INTO `news`(`id`,`title`,`category_id`,`content`,`cover_img`,`view_count`,`audit_status`,`create_by`,`delete_flag`,`create_time`,`update_time`) VALUES (8,'农产品质量安全追溯新规实施提醒',1,'# 实施提醒

商家上传商品时需补齐产地、施肥、运输等追溯信息。

缺失追溯字段将影响商品审核与推荐曝光。','https://picsum.photos/seed/agri_n05/1200/700',66,1,4,0,'2026-03-22 19:40:43','2026-03-22 19:40:43');
INSERT INTO `news`(`id`,`title`,`category_id`,`content`,`cover_img`,`view_count`,`audit_status`,`create_by`,`delete_flag`,`create_time`,`update_time`) VALUES (9,'2026年助农电商培训计划启动',1,'# 培训方向

围绕商品上架规范、售后处理、直播短视频运营开展分阶段培训。

报名后可在商家端查看课程安排。','https://picsum.photos/seed/agri_n06/1200/700',58,1,4,0,'2026-03-22 19:40:43','2026-03-22 19:40:43');
INSERT INTO `news`(`id`,`title`,`category_id`,`content`,`cover_img`,`view_count`,`audit_status`,`create_by`,`delete_flag`,`create_time`,`update_time`) VALUES (10,'返乡青年打造猕猴桃品牌，订单同比增长210%',2,'# 案例故事

通过标准化分级与溯源展示，合作社提升了复购率。

关键经验：

- 稳定品控；
- 优化包装；
- 主打产地故事与口碑评价。','https://picsum.photos/seed/agri_n07/1200/700',189,1,4,0,'2026-03-22 19:40:43','2026-03-22 19:40:43');
INSERT INTO `news`(`id`,`title`,`category_id`,`content`,`cover_img`,`view_count`,`audit_status`,`create_by`,`delete_flag`,`create_time`,`update_time`) VALUES (11,'山区土鸡蛋合作社实现“以销定产”',2,'# 运营亮点

合作社将历史销量与节令需求结合，分批次组织生产，减少滞销风险。

售后响应时效提升后，店铺评分同步上涨。','https://picsum.photos/seed/agri_n08/1200/700',144,1,4,0,'2026-03-22 19:40:43','2026-03-22 20:06:30');
INSERT INTO `news`(`id`,`title`,`category_id`,`content`,`cover_img`,`view_count`,`audit_status`,`create_by`,`delete_flag`,`create_time`,`update_time`) VALUES (12,'村集体联营腊味工坊，带动周边农户增收',2,'# 增收路径

通过统一原料标准、统一包装与统一线上渠道，单季销量创新高。

项目还带动本地就业与包装物流服务。','https://picsum.photos/seed/agri_n09/1200/700',132,1,4,0,'2026-03-22 19:40:43','2026-03-22 19:40:43');
INSERT INTO `news`(`id`,`title`,`category_id`,`content`,`cover_img`,`view_count`,`audit_status`,`create_by`,`delete_flag`,`create_time`,`update_time`) VALUES (13,'高原牦牛肉品牌化实践：从散卖到精品礼盒',2,'# 升级动作

- 建立分割标准；
- 完善冷链履约；
- 打造节庆礼盒。

品牌化后客单价明显提升。','https://picsum.photos/seed/agri_n10/1200/700',121,1,4,0,'2026-03-22 19:40:43','2026-03-22 19:40:43');
INSERT INTO `news`(`id`,`title`,`category_id`,`content`,`cover_img`,`view_count`,`audit_status`,`create_by`,`delete_flag`,`create_time`,`update_time`) VALUES (14,'银耳产业链延伸，村民人均收入稳步提升',2,'# 经验总结

围绕“种植 + 初加工 + 电商销售”构建闭环，减少中间流通成本。

平台评价体系帮助新商家更快建立信任。','https://picsum.photos/seed/agri_n11/1200/700',112,1,4,0,'2026-03-22 19:40:43','2026-03-22 19:55:31');
INSERT INTO `news`(`id`,`title`,`category_id`,`content`,`cover_img`,`view_count`,`audit_status`,`create_by`,`delete_flag`,`create_time`,`update_time`) VALUES (15,'农家蜂蜜数字化上行，复购率持续走高',2,'# 实践要点

通过短视频讲解采蜜过程，并结合图文追溯，提高了用户信任度。

老客订阅制也带来了稳定现金流。','https://picsum.photos/seed/agri_n12/1200/700',98,1,4,0,'2026-03-22 19:40:43','2026-03-22 19:40:43');
INSERT INTO `news`(`id`,`title`,`category_id`,`content`,`cover_img`,`view_count`,`audit_status`,`create_by`,`delete_flag`,`create_time`,`update_time`) VALUES (16,'蒲江春果上市：耙耙柑与草莓进入发货高峰',3,'# 产地动态

近期气温回升，春果采收与发货量增长明显。

建议消费者错峰下单，商家注意冷链时效。','https://picsum.photos/seed/agri_n13/1200/700',167,1,4,0,'2026-03-22 19:40:43','2026-03-22 19:40:43');
INSERT INTO `news`(`id`,`title`,`category_id`,`content`,`cover_img`,`view_count`,`audit_status`,`create_by`,`delete_flag`,`create_time`,`update_time`) VALUES (17,'凉山苹果进入最佳采后分选期',3,'# 一线观察

当地合作社正在推进机械化分选，提升规格稳定性。

预计本周起优果供应量增加。','https://picsum.photos/seed/agri_n14/1200/700',154,1,4,0,'2026-03-22 19:40:43','2026-03-22 19:40:43');
INSERT INTO `news`(`id`,`title`,`category_id`,`content`,`cover_img`,`view_count`,`audit_status`,`create_by`,`delete_flag`,`create_time`,`update_time`) VALUES (18,'三台禽蛋主产区启动质量抽检周',3,'# 检测安排

平台联动抽检机构，对重点品类开展随机抽样与批次追踪。

抽检结果将同步到商品详情页。','https://picsum.photos/seed/agri_n15/1200/700',139,1,4,0,'2026-03-22 19:40:43','2026-03-22 19:40:43');
INSERT INTO `news`(`id`,`title`,`category_id`,`content`,`cover_img`,`view_count`,`audit_status`,`create_by`,`delete_flag`,`create_time`,`update_time`) VALUES (19,'通江食用菌基地扩容，黑木耳产能提升',3,'# 基地进展

新建菌棚投入使用后，预计旺季供应能力提高约30%。

加工环节也同步升级了干燥与分拣设备。','https://picsum.photos/seed/agri_n16/1200/700',129,1,4,0,'2026-03-22 19:40:43','2026-03-25 18:15:47');
INSERT INTO `news`(`id`,`title`,`category_id`,`content`,`cover_img`,`view_count`,`audit_status`,`create_by`,`delete_flag`,`create_time`,`update_time`) VALUES (20,'雅安茶区春茶采摘窗口提前开启',3,'# 采摘提示

受天气影响，部分茶区采摘时间提前。

平台建议商家及时更新库存与发货时效说明。','https://picsum.photos/seed/agri_n17/1200/700',119,1,4,0,'2026-03-22 19:40:43','2026-03-22 19:40:43');
INSERT INTO `news`(`id`,`title`,`category_id`,`content`,`cover_img`,`view_count`,`audit_status`,`create_by`,`delete_flag`,`create_time`,`update_time`) VALUES (21,'阿坝蓝莓基地发布本季采摘与预售计划',3,'# 预售节奏

基地将分批释放采摘配额，优先保障已预售订单。

消费者可关注商品详情页的发货时间提醒。','https://picsum.photos/seed/agri_n18/1200/700',102,1,4,0,'2026-03-22 19:40:43','2026-03-22 19:40:43');
INSERT INTO `news`(`id`,`title`,`category_id`,`content`,`cover_img`,`view_count`,`audit_status`,`create_by`,`delete_flag`,`create_time`,`update_time`) VALUES (22,'999',1,'iiiiiiiiiiiiiii
![](http://localhost:8080/api/uploads/news/5f8f51cf63c14ebba536d30f2d37a622.jpeg)','/uploads/news/bcbfb3ff0d304450966773dea9fc847a.jpg',0,1,NULL,0,'2026-03-26 04:29:55','2026-03-26 04:29:55');

-- TABLE: news_category
DELETE FROM `news_category`;
INSERT INTO `news_category`(`id`,`category_name`,`category_code`,`delete_flag`,`create_time`) VALUES (1,'农业政策','policy',0,'2026-02-18 16:24:41');
INSERT INTO `news_category`(`id`,`category_name`,`category_code`,`delete_flag`,`create_time`) VALUES (2,'扶贫案例','poverty',0,'2026-02-18 16:24:41');
INSERT INTO `news_category`(`id`,`category_name`,`category_code`,`delete_flag`,`create_time`) VALUES (3,'产地动态','origin',0,'2026-02-18 16:24:41');

-- TABLE: order_communication
DELETE FROM `order_communication`;
INSERT INTO `order_communication`(`id`,`order_no`,`sender_type`,`sender_id`,`message_type`,`content`,`media_url`,`media_name`,`delete_flag`,`create_time`) VALUES (1,'O2035558103906414592',1,1,1,'665666',NULL,NULL,0,'2026-03-22 16:09:18');
INSERT INTO `order_communication`(`id`,`order_no`,`sender_type`,`sender_id`,`message_type`,`content`,`media_url`,`media_name`,`delete_flag`,`create_time`) VALUES (2,'O2035558103906414592',2,8,1,'何意未',NULL,NULL,0,'2026-03-22 16:09:53');
INSERT INTO `order_communication`(`id`,`order_no`,`sender_type`,`sender_id`,`message_type`,`content`,`media_url`,`media_name`,`delete_flag`,`create_time`) VALUES (3,'O2035558103906414592',3,4,1,'我吊打你们',NULL,NULL,0,'2026-03-22 16:10:25');
INSERT INTO `order_communication`(`id`,`order_no`,`sender_type`,`sender_id`,`message_type`,`content`,`media_url`,`media_name`,`delete_flag`,`create_time`) VALUES (4,'O2035558103906414592',3,4,1,'呵呵',NULL,NULL,0,'2026-03-22 16:10:28');
INSERT INTO `order_communication`(`id`,`order_no`,`sender_type`,`sender_id`,`message_type`,`content`,`media_url`,`media_name`,`delete_flag`,`create_time`) VALUES (5,'O2035558103906414592',1,1,2,'','/uploads/08771707-5289-471f-8981-0297a547fe80.jpeg','20221201142612_dd27e.thumb.1000_0.jpeg',0,'2026-03-22 16:28:55');
INSERT INTO `order_communication`(`id`,`order_no`,`sender_type`,`sender_id`,`message_type`,`content`,`media_url`,`media_name`,`delete_flag`,`create_time`) VALUES (6,'O2035558103906414592',1,1,1,'帅otto',NULL,NULL,0,'2026-03-22 16:29:03');
INSERT INTO `order_communication`(`id`,`order_no`,`sender_type`,`sender_id`,`message_type`,`content`,`media_url`,`media_name`,`delete_flag`,`create_time`) VALUES (7,'O2035558103906414592',2,8,1,'炫狗',NULL,NULL,0,'2026-03-22 16:29:13');
INSERT INTO `order_communication`(`id`,`order_no`,`sender_type`,`sender_id`,`message_type`,`content`,`media_url`,`media_name`,`delete_flag`,`create_time`) VALUES (8,'O2035558103906414592',3,4,1,'6666',NULL,NULL,0,'2026-03-22 16:30:01');
INSERT INTO `order_communication`(`id`,`order_no`,`sender_type`,`sender_id`,`message_type`,`content`,`media_url`,`media_name`,`delete_flag`,`create_time`) VALUES (9,'O2035558103906414592',3,4,1,'我是管理员',NULL,NULL,0,'2026-03-22 16:30:06');
INSERT INTO `order_communication`(`id`,`order_no`,`sender_type`,`sender_id`,`message_type`,`content`,`media_url`,`media_name`,`delete_flag`,`create_time`) VALUES (10,'O2035558103906414592',3,4,1,'我要吊打你们',NULL,NULL,0,'2026-03-22 16:30:12');
INSERT INTO `order_communication`(`id`,`order_no`,`sender_type`,`sender_id`,`message_type`,`content`,`media_url`,`media_name`,`delete_flag`,`create_time`) VALUES (11,'O2035641782250999808',1,1,1,'sb',NULL,NULL,0,'2026-03-22 16:56:42');
INSERT INTO `order_communication`(`id`,`order_no`,`sender_type`,`sender_id`,`message_type`,`content`,`media_url`,`media_name`,`delete_flag`,`create_time`) VALUES (12,'O2035641782250999808',1,1,2,'','/uploads/4e8c7f92-8c68-469b-88e2-7f5b1bc93ff2.jpeg','20221201142612_dd27e.thumb.1000_0.jpeg',0,'2026-03-22 16:56:47');
INSERT INTO `order_communication`(`id`,`order_no`,`sender_type`,`sender_id`,`message_type`,`content`,`media_url`,`media_name`,`delete_flag`,`create_time`) VALUES (13,'O2035641782250999808',1,1,1,'sb商家',NULL,NULL,0,'2026-03-22 16:56:54');
INSERT INTO `order_communication`(`id`,`order_no`,`sender_type`,`sender_id`,`message_type`,`content`,`media_url`,`media_name`,`delete_flag`,`create_time`) VALUES (14,'O2035641782250999808',2,8,1,'6666',NULL,NULL,0,'2026-03-22 16:57:08');
INSERT INTO `order_communication`(`id`,`order_no`,`sender_type`,`sender_id`,`message_type`,`content`,`media_url`,`media_name`,`delete_flag`,`create_time`) VALUES (15,'O2035641782250999808',2,8,1,'敢骂我',NULL,NULL,0,'2026-03-22 16:57:12');
INSERT INTO `order_communication`(`id`,`order_no`,`sender_type`,`sender_id`,`message_type`,`content`,`media_url`,`media_name`,`delete_flag`,`create_time`) VALUES (16,'O2035641782250999808',2,8,1,'给你发劣质牛肉',NULL,NULL,0,'2026-03-22 16:57:22');
INSERT INTO `order_communication`(`id`,`order_no`,`sender_type`,`sender_id`,`message_type`,`content`,`media_url`,`media_name`,`delete_flag`,`create_time`) VALUES (17,'O2035641782250999808',1,1,1,'6666666',NULL,NULL,0,'2026-03-22 17:04:26');
INSERT INTO `order_communication`(`id`,`order_no`,`sender_type`,`sender_id`,`message_type`,`content`,`media_url`,`media_name`,`delete_flag`,`create_time`) VALUES (18,'O2035558103906414592',1,1,1,'666666',NULL,NULL,0,'2026-03-22 21:01:24');
INSERT INTO `order_communication`(`id`,`order_no`,`sender_type`,`sender_id`,`message_type`,`content`,`media_url`,`media_name`,`delete_flag`,`create_time`) VALUES (19,'O2035558103906414592',2,8,1,'何意未',NULL,NULL,0,'2026-03-22 21:01:34');
INSERT INTO `order_communication`(`id`,`order_no`,`sender_type`,`sender_id`,`message_type`,`content`,`media_url`,`media_name`,`delete_flag`,`create_time`) VALUES (20,'O2035558103906414592',2,8,1,'何意未',NULL,NULL,0,'2026-03-22 21:01:37');
INSERT INTO `order_communication`(`id`,`order_no`,`sender_type`,`sender_id`,`message_type`,`content`,`media_url`,`media_name`,`delete_flag`,`create_time`) VALUES (21,'O2035558103906414592',2,8,1,'你是？',NULL,NULL,0,'2026-03-22 21:01:45');
INSERT INTO `order_communication`(`id`,`order_no`,`sender_type`,`sender_id`,`message_type`,`content`,`media_url`,`media_name`,`delete_flag`,`create_time`) VALUES (22,'O2035558103906414592',1,1,1,'已提交退货物流',NULL,NULL,0,'2026-03-22 21:02:39');
INSERT INTO `order_communication`(`id`,`order_no`,`sender_type`,`sender_id`,`message_type`,`content`,`media_url`,`media_name`,`delete_flag`,`create_time`) VALUES (23,'O2036859784271114240',1,1,1,'快点发货',NULL,NULL,0,'2026-03-26 01:36:48');
INSERT INTO `order_communication`(`id`,`order_no`,`sender_type`,`sender_id`,`message_type`,`content`,`media_url`,`media_name`,`delete_flag`,`create_time`) VALUES (24,'O2036859784271114240',2,8,1,'好的，收到',NULL,NULL,0,'2026-03-26 01:37:31');
INSERT INTO `order_communication`(`id`,`order_no`,`sender_type`,`sender_id`,`message_type`,`content`,`media_url`,`media_name`,`delete_flag`,`create_time`) VALUES (25,'O2036870162166214656',1,1,1,'666',NULL,NULL,0,'2026-03-26 02:17:54');
INSERT INTO `order_communication`(`id`,`order_no`,`sender_type`,`sender_id`,`message_type`,`content`,`media_url`,`media_name`,`delete_flag`,`create_time`) VALUES (26,'O2036870162166214656',1,1,1,'速度发货啊',NULL,NULL,0,'2026-03-26 02:17:59');
INSERT INTO `order_communication`(`id`,`order_no`,`sender_type`,`sender_id`,`message_type`,`content`,`media_url`,`media_name`,`delete_flag`,`create_time`) VALUES (27,'O2036870162166214656',1,1,1,'饿的不行',NULL,NULL,0,'2026-03-26 02:18:06');
INSERT INTO `order_communication`(`id`,`order_no`,`sender_type`,`sender_id`,`message_type`,`content`,`media_url`,`media_name`,`delete_flag`,`create_time`) VALUES (28,'O2036870162166214656',2,8,1,'收到',NULL,NULL,0,'2026-03-26 02:18:22');
INSERT INTO `order_communication`(`id`,`order_no`,`sender_type`,`sender_id`,`message_type`,`content`,`media_url`,`media_name`,`delete_flag`,`create_time`) VALUES (29,'O2036882988180164608',1,1,1,'777',NULL,NULL,0,'2026-03-26 03:08:49');
INSERT INTO `order_communication`(`id`,`order_no`,`sender_type`,`sender_id`,`message_type`,`content`,`media_url`,`media_name`,`delete_flag`,`create_time`) VALUES (30,'O2036882988180164608',2,8,1,'ok',NULL,NULL,0,'2026-03-26 03:09:16');

-- TABLE: order_item
DELETE FROM `order_item`;
INSERT INTO `order_item`(`id`,`order_no`,`product_id`,`product_name`,`product_img`,`product_price`,`product_num`,`product_amount`,`delete_flag`,`create_time`) VALUES (1,'O17738503662225',4,'安岳柠檬 5斤装','https://via.placeholder.com/300x300/f56c6c/fff?text=Lemon',19.90,1,19.90,0,'2026-03-19 00:12:46');
INSERT INTO `order_item`(`id`,`order_no`,`product_id`,`product_name`,`product_img`,`product_price`,`product_num`,`product_amount`,`delete_flag`,`create_time`) VALUES (2,'O17738504025506',4,'安岳柠檬 5斤装','https://via.placeholder.com/300x300/f56c6c/fff?text=Lemon',19.90,1,19.90,0,'2026-03-19 00:13:22');
INSERT INTO `order_item`(`id`,`order_no`,`product_id`,`product_name`,`product_img`,`product_price`,`product_num`,`product_amount`,`delete_flag`,`create_time`) VALUES (3,'O17740239534951',1,'四川红心糖苹果','/uploads/69486bf4-41de-445a-8da8-8fdb58e75bce.png',1.30,5,6.50,0,'2026-03-21 00:25:53');
INSERT INTO `order_item`(`id`,`order_no`,`product_id`,`product_name`,`product_img`,`product_price`,`product_num`,`product_amount`,`delete_flag`,`create_time`) VALUES (4,'O17740351978381',17,'超级牛肉','/uploads/c20747ef-5b06-4fe0-a100-9ad2e0dc0f74.png,/uploads/8223827a-21ff-499d-bf68-9591be25fe1f.jpeg,/uploads/8170dc56-a92d-4eb8-8331-275aed7682e8.jpg',55.00,1,55.00,0,'2026-03-21 03:33:17');
INSERT INTO `order_item`(`id`,`order_no`,`product_id`,`product_name`,`product_img`,`product_price`,`product_num`,`product_amount`,`delete_flag`,`create_time`) VALUES (5,'O17740365976321',17,'超级牛肉','/uploads/c20747ef-5b06-4fe0-a100-9ad2e0dc0f74.png,/uploads/8223827a-21ff-499d-bf68-9591be25fe1f.jpeg,/uploads/8170dc56-a92d-4eb8-8331-275aed7682e8.jpg',55.00,7,385.00,0,'2026-03-21 03:56:37');
INSERT INTO `order_item`(`id`,`order_no`,`product_id`,`product_name`,`product_img`,`product_price`,`product_num`,`product_amount`,`delete_flag`,`create_time`) VALUES (6,'O17741055896111',17,'超级牛肉','/uploads/c20747ef-5b06-4fe0-a100-9ad2e0dc0f74.png,/uploads/8223827a-21ff-499d-bf68-9591be25fe1f.jpeg,/uploads/8170dc56-a92d-4eb8-8331-275aed7682e8.jpg',55.00,5,275.00,0,'2026-03-21 23:06:29');
INSERT INTO `order_item`(`id`,`order_no`,`product_id`,`product_name`,`product_img`,`product_price`,`product_num`,`product_amount`,`delete_flag`,`create_time`) VALUES (7,'O17741069270941',17,'超级牛肉','/uploads/c20747ef-5b06-4fe0-a100-9ad2e0dc0f74.png,/uploads/8223827a-21ff-499d-bf68-9591be25fe1f.jpeg,/uploads/8170dc56-a92d-4eb8-8331-275aed7682e8.jpg',55.00,5,275.00,0,'2026-03-21 23:28:47');
INSERT INTO `order_item`(`id`,`order_no`,`product_id`,`product_name`,`product_img`,`product_price`,`product_num`,`product_amount`,`delete_flag`,`create_time`) VALUES (8,'O2035388978198392832',17,'超级牛肉','/uploads/c20747ef-5b06-4fe0-a100-9ad2e0dc0f74.png,/uploads/8223827a-21ff-499d-bf68-9591be25fe1f.jpeg,/uploads/8170dc56-a92d-4eb8-8331-275aed7682e8.jpg',55.00,2,110.00,0,'2026-03-22 00:12:02');
INSERT INTO `order_item`(`id`,`order_no`,`product_id`,`product_name`,`product_img`,`product_price`,`product_num`,`product_amount`,`delete_flag`,`create_time`) VALUES (9,'O2035549350729482240',17,'超级牛肉','/uploads/c20747ef-5b06-4fe0-a100-9ad2e0dc0f74.png,/uploads/8223827a-21ff-499d-bf68-9591be25fe1f.jpeg,/uploads/8170dc56-a92d-4eb8-8331-275aed7682e8.jpg',55.00,1,55.00,0,'2026-03-22 10:49:18');
INSERT INTO `order_item`(`id`,`order_no`,`product_id`,`product_name`,`product_img`,`product_price`,`product_num`,`product_amount`,`delete_flag`,`create_time`) VALUES (10,'O2035558103906414592',17,'超级牛肉','/uploads/c20747ef-5b06-4fe0-a100-9ad2e0dc0f74.png,/uploads/8223827a-21ff-499d-bf68-9591be25fe1f.jpeg,/uploads/8170dc56-a92d-4eb8-8331-275aed7682e8.jpg',55.00,3,165.00,0,'2026-03-22 11:24:05');
INSERT INTO `order_item`(`id`,`order_no`,`product_id`,`product_name`,`product_img`,`product_price`,`product_num`,`product_amount`,`delete_flag`,`create_time`) VALUES (11,'O2035561594385235968',17,'超级牛肉','/uploads/c20747ef-5b06-4fe0-a100-9ad2e0dc0f74.png,/uploads/8223827a-21ff-499d-bf68-9591be25fe1f.jpeg,/uploads/8170dc56-a92d-4eb8-8331-275aed7682e8.jpg',55.00,1,55.00,0,'2026-03-22 11:37:57');
INSERT INTO `order_item`(`id`,`order_no`,`product_id`,`product_name`,`product_img`,`product_price`,`product_num`,`product_amount`,`delete_flag`,`create_time`) VALUES (12,'O2035641782250999808',17,'超级牛肉','/uploads/c20747ef-5b06-4fe0-a100-9ad2e0dc0f74.png,/uploads/8223827a-21ff-499d-bf68-9591be25fe1f.jpeg,/uploads/8170dc56-a92d-4eb8-8331-275aed7682e8.jpg',55.00,3,165.00,0,'2026-03-22 16:56:35');
INSERT INTO `order_item`(`id`,`order_no`,`product_id`,`product_name`,`product_img`,`product_price`,`product_num`,`product_amount`,`delete_flag`,`create_time`) VALUES (13,'O2036859784271114240',7,'理塘顶真牛肉','/uploads/product-7-main-1.jpg,/uploads/product-7-main-2.jpg',45.56,3,136.68,0,'2026-03-26 01:36:30');
INSERT INTO `order_item`(`id`,`order_no`,`product_id`,`product_name`,`product_img`,`product_price`,`product_num`,`product_amount`,`delete_flag`,`create_time`) VALUES (14,'O2036870162166214656',7,'理塘顶真牛肉','/uploads/product-7-main-1.jpg,/uploads/product-7-main-2.jpg',45.56,3,136.68,0,'2026-03-26 02:17:44');
INSERT INTO `order_item`(`id`,`order_no`,`product_id`,`product_name`,`product_img`,`product_price`,`product_num`,`product_amount`,`delete_flag`,`create_time`) VALUES (15,'O2036870162166214656',17,'超级牛肉','/uploads/product-17-main-1.jpg,/uploads/product-17-main-2.jpg',55.00,3,165.00,0,'2026-03-26 02:17:44');
INSERT INTO `order_item`(`id`,`order_no`,`product_id`,`product_name`,`product_img`,`product_price`,`product_num`,`product_amount`,`delete_flag`,`create_time`) VALUES (16,'O2036882988180164608',17,'超级牛肉','/uploads/product-17-main-1.jpg,/uploads/product-17-main-2.jpg',55.00,3,165.00,0,'2026-03-26 03:08:42');
INSERT INTO `order_item`(`id`,`order_no`,`product_id`,`product_name`,`product_img`,`product_price`,`product_num`,`product_amount`,`delete_flag`,`create_time`) VALUES (17,'O2036887422532489216',7,'理塘顶真牛肉','/uploads/product-7-main-1.jpg,/uploads/product-7-main-2.jpg',45.56,3,136.68,0,'2026-03-26 03:26:19');
INSERT INTO `order_item`(`id`,`order_no`,`product_id`,`product_name`,`product_img`,`product_price`,`product_num`,`product_amount`,`delete_flag`,`create_time`) VALUES (18,'O2036889565284962304',17,'超级牛肉','/uploads/product-17-main-1.jpg,/uploads/product-17-main-2.jpg',55.00,3,165.00,0,'2026-03-26 03:34:50');

-- TABLE: order_main
DELETE FROM `order_main`;
INSERT INTO `order_main`(`id`,`order_no`,`user_id`,`address_id`,`total_amount`,`order_status`,`cancel_reason`,`pay_deadline`,`receiver`,`receiver_phone`,`receiver_address`,`remark`,`merchant_id`,`delete_flag`,`create_time`,`update_time`) VALUES (1,'O17738503662225',5,2,19.90,2,NULL,'2026-03-19 00:27:46','r','13800138001','四川省成都市高新区中和街道A',NULL,6,0,'2026-03-19 00:12:46','2026-03-19 00:12:46');
INSERT INTO `order_main`(`id`,`order_no`,`user_id`,`address_id`,`total_amount`,`order_status`,`cancel_reason`,`pay_deadline`,`receiver`,`receiver_phone`,`receiver_address`,`remark`,`merchant_id`,`delete_flag`,`create_time`,`update_time`) VALUES (2,'O17738504025506',6,3,19.90,4,NULL,'2026-03-19 00:28:23','r','13800138001','四川省成都市高新区中和街道A',NULL,6,0,'2026-03-19 00:13:22','2026-03-19 00:13:22');
INSERT INTO `order_main`(`id`,`order_no`,`user_id`,`address_id`,`total_amount`,`order_status`,`cancel_reason`,`pay_deadline`,`receiver`,`receiver_phone`,`receiver_address`,`remark`,`merchant_id`,`delete_flag`,`create_time`,`update_time`) VALUES (3,'O17740239534951',1,1,6.50,2,NULL,'2026-03-21 00:40:53','ljj','19186400279','四川省成都市锦江区春熙路街道成都信息工程大学',NULL,3,0,'2026-03-21 00:25:53','2026-03-21 00:25:53');
INSERT INTO `order_main`(`id`,`order_no`,`user_id`,`address_id`,`total_amount`,`order_status`,`cancel_reason`,`pay_deadline`,`receiver`,`receiver_phone`,`receiver_address`,`remark`,`merchant_id`,`delete_flag`,`create_time`,`update_time`) VALUES (4,'O17740351978381',1,1,55.00,4,NULL,'2026-03-21 03:48:18','ljj','19186400279','四川省成都市锦江区春熙路街道成都信息工程大学',NULL,8,0,'2026-03-21 03:33:17','2026-03-21 03:33:17');
INSERT INTO `order_main`(`id`,`order_no`,`user_id`,`address_id`,`total_amount`,`order_status`,`cancel_reason`,`pay_deadline`,`receiver`,`receiver_phone`,`receiver_address`,`remark`,`merchant_id`,`delete_flag`,`create_time`,`update_time`) VALUES (5,'O17740365976321',1,1,385.00,4,NULL,'2026-03-21 04:11:38','ljj','19186400279','四川省成都市锦江区春熙路街道成都信息工程大学',NULL,8,0,'2026-03-21 03:56:37','2026-03-21 03:56:37');
INSERT INTO `order_main`(`id`,`order_no`,`user_id`,`address_id`,`total_amount`,`order_status`,`cancel_reason`,`pay_deadline`,`receiver`,`receiver_phone`,`receiver_address`,`remark`,`merchant_id`,`delete_flag`,`create_time`,`update_time`) VALUES (6,'O17741055896111',1,1,275.00,4,NULL,'2026-03-21 23:21:30','ljj','19186400279','四川省成都市锦江区春熙路街道成都信息工程大学',NULL,8,0,'2026-03-21 23:06:29','2026-03-21 23:06:29');
INSERT INTO `order_main`(`id`,`order_no`,`user_id`,`address_id`,`total_amount`,`order_status`,`cancel_reason`,`pay_deadline`,`receiver`,`receiver_phone`,`receiver_address`,`remark`,`merchant_id`,`delete_flag`,`create_time`,`update_time`) VALUES (7,'O17741069270941',1,1,275.00,4,NULL,'2026-03-21 23:43:47','ljj','19186400279','四川省成都市锦江区春熙路街道成都信息工程大学',NULL,8,0,'2026-03-21 23:28:47','2026-03-21 23:28:47');
INSERT INTO `order_main`(`id`,`order_no`,`user_id`,`address_id`,`total_amount`,`order_status`,`cancel_reason`,`pay_deadline`,`receiver`,`receiver_phone`,`receiver_address`,`remark`,`merchant_id`,`delete_flag`,`create_time`,`update_time`) VALUES (8,'O2035388978198392832',1,1,110.00,4,NULL,'2026-03-22 00:27:03','ljj','19186400279','四川省成都市锦江区春熙路街道成都信息工程大学',NULL,8,0,'2026-03-22 00:12:02','2026-03-22 00:12:02');
INSERT INTO `order_main`(`id`,`order_no`,`user_id`,`address_id`,`total_amount`,`order_status`,`cancel_reason`,`pay_deadline`,`receiver`,`receiver_phone`,`receiver_address`,`remark`,`merchant_id`,`delete_flag`,`create_time`,`update_time`) VALUES (9,'O2035549350729482240',1,1,55.00,8,NULL,'2026-03-22 11:04:19','ljj','19186400279','四川省成都市锦江区春熙路街道成都信息工程大学',NULL,8,0,'2026-03-22 10:49:18','2026-03-22 10:49:18');
INSERT INTO `order_main`(`id`,`order_no`,`user_id`,`address_id`,`total_amount`,`order_status`,`cancel_reason`,`pay_deadline`,`receiver`,`receiver_phone`,`receiver_address`,`remark`,`merchant_id`,`delete_flag`,`create_time`,`update_time`) VALUES (10,'O2035558103906414592',1,1,165.00,8,NULL,'2026-03-22 11:39:05','ljj','19186400279','四川省成都市锦江区春熙路街道成都信息工程大学',NULL,8,0,'2026-03-22 11:24:05','2026-03-22 11:24:05');
INSERT INTO `order_main`(`id`,`order_no`,`user_id`,`address_id`,`total_amount`,`order_status`,`cancel_reason`,`pay_deadline`,`receiver`,`receiver_phone`,`receiver_address`,`remark`,`merchant_id`,`delete_flag`,`create_time`,`update_time`) VALUES (11,'O2035561594385235968',1,1,55.00,8,NULL,'2026-03-22 11:52:58','ljj','19186400279','四川省成都市锦江区春熙路街道成都信息工程大学','这是备注66666666666666666666666666',8,0,'2026-03-22 11:37:57','2026-03-22 11:37:57');
INSERT INTO `order_main`(`id`,`order_no`,`user_id`,`address_id`,`total_amount`,`order_status`,`cancel_reason`,`pay_deadline`,`receiver`,`receiver_phone`,`receiver_address`,`remark`,`merchant_id`,`delete_flag`,`create_time`,`update_time`) VALUES (12,'O2035641782250999808',1,1,165.00,8,NULL,'2026-03-22 17:11:36','ljj','19186400279','四川省成都市锦江区春熙路街道成都信息工程大学','66666',8,0,'2026-03-22 16:56:35','2026-03-22 16:56:35');
INSERT INTO `order_main`(`id`,`order_no`,`user_id`,`address_id`,`total_amount`,`order_status`,`cancel_reason`,`pay_deadline`,`receiver`,`receiver_phone`,`receiver_address`,`remark`,`merchant_id`,`delete_flag`,`create_time`,`update_time`) VALUES (13,'O2036859784271114240',1,1,136.68,8,NULL,'2026-03-26 01:51:30','ljj','19186400279','四川省成都市锦江区春熙路街道成都信息工程大学','给洒家来份上好的牛肉',8,0,'2026-03-26 01:36:30','2026-03-26 01:36:30');
INSERT INTO `order_main`(`id`,`order_no`,`user_id`,`address_id`,`total_amount`,`order_status`,`cancel_reason`,`pay_deadline`,`receiver`,`receiver_phone`,`receiver_address`,`remark`,`merchant_id`,`delete_flag`,`create_time`,`update_time`) VALUES (14,'O2036870162166214656',1,1,301.68,8,NULL,'2026-03-26 02:32:45','ljj','19186400279','四川省成都市锦江区春熙路街道成都信息工程大学','给我切上好的牛肉',8,0,'2026-03-26 02:17:44','2026-03-26 02:17:44');
INSERT INTO `order_main`(`id`,`order_no`,`user_id`,`address_id`,`total_amount`,`order_status`,`cancel_reason`,`pay_deadline`,`receiver`,`receiver_phone`,`receiver_address`,`remark`,`merchant_id`,`delete_flag`,`create_time`,`update_time`) VALUES (15,'O2036882988180164608',1,1,165.00,8,NULL,'2026-03-26 03:23:42','ljj','19186400279','四川省成都市锦江区春熙路街道成都信息工程大学','77788',8,0,'2026-03-26 03:08:42','2026-03-26 03:08:42');
INSERT INTO `order_main`(`id`,`order_no`,`user_id`,`address_id`,`total_amount`,`order_status`,`cancel_reason`,`pay_deadline`,`receiver`,`receiver_phone`,`receiver_address`,`remark`,`merchant_id`,`delete_flag`,`create_time`,`update_time`) VALUES (16,'O2036887422532489216',1,1,136.68,8,NULL,'2026-03-26 03:41:20','ljj','19186400279','四川省成都市锦江区春熙路街道成都信息工程大学','何意未',8,0,'2026-03-26 03:26:19','2026-03-26 03:26:19');
INSERT INTO `order_main`(`id`,`order_no`,`user_id`,`address_id`,`total_amount`,`order_status`,`cancel_reason`,`pay_deadline`,`receiver`,`receiver_phone`,`receiver_address`,`remark`,`merchant_id`,`delete_flag`,`create_time`,`update_time`) VALUES (17,'O2036889565284962304',1,1,165.00,8,NULL,'2026-03-26 03:49:51','ljj','19186400279','四川省成都市锦江区春熙路街道成都信息工程大学','0',8,0,'2026-03-26 03:34:50','2026-03-26 03:34:50');

-- TABLE: payment_record
DELETE FROM `payment_record`;
INSERT INTO `payment_record`(`id`,`order_no`,`pay_type`,`pay_amount`,`pay_status`,`pay_time`,`transaction_id`,`refund_status`,`refund_amount`,`refund_time`,`delete_flag`,`create_time`,`update_time`) VALUES (1,'O17738503662225',1,19.90,1,'2026-03-19 00:12:46',NULL,0,0.00,NULL,0,'2026-03-19 00:12:46','2026-03-19 00:12:46');
INSERT INTO `payment_record`(`id`,`order_no`,`pay_type`,`pay_amount`,`pay_status`,`pay_time`,`transaction_id`,`refund_status`,`refund_amount`,`refund_time`,`delete_flag`,`create_time`,`update_time`) VALUES (2,'O17738504025506',1,19.90,1,'2026-03-19 00:13:23',NULL,0,0.00,NULL,0,'2026-03-19 00:13:22','2026-03-19 00:13:22');
INSERT INTO `payment_record`(`id`,`order_no`,`pay_type`,`pay_amount`,`pay_status`,`pay_time`,`transaction_id`,`refund_status`,`refund_amount`,`refund_time`,`delete_flag`,`create_time`,`update_time`) VALUES (3,'O17740239534951',1,6.50,1,'2026-03-21 00:25:58',NULL,0,0.00,NULL,0,'2026-03-21 00:25:58','2026-03-21 00:25:58');
INSERT INTO `payment_record`(`id`,`order_no`,`pay_type`,`pay_amount`,`pay_status`,`pay_time`,`transaction_id`,`refund_status`,`refund_amount`,`refund_time`,`delete_flag`,`create_time`,`update_time`) VALUES (4,'O17740351978381',1,55.00,1,'2026-03-21 03:33:19',NULL,0,0.00,NULL,0,'2026-03-21 03:33:19','2026-03-21 03:33:19');
INSERT INTO `payment_record`(`id`,`order_no`,`pay_type`,`pay_amount`,`pay_status`,`pay_time`,`transaction_id`,`refund_status`,`refund_amount`,`refund_time`,`delete_flag`,`create_time`,`update_time`) VALUES (5,'O17740365976321',1,385.00,1,'2026-03-21 03:56:44',NULL,0,0.00,NULL,0,'2026-03-21 03:56:43','2026-03-21 03:56:43');
INSERT INTO `payment_record`(`id`,`order_no`,`pay_type`,`pay_amount`,`pay_status`,`pay_time`,`transaction_id`,`refund_status`,`refund_amount`,`refund_time`,`delete_flag`,`create_time`,`update_time`) VALUES (6,'O17741055896111',1,275.00,1,'2026-03-21 23:06:32',NULL,0,0.00,NULL,0,'2026-03-21 23:06:32','2026-03-21 23:06:32');
INSERT INTO `payment_record`(`id`,`order_no`,`pay_type`,`pay_amount`,`pay_status`,`pay_time`,`transaction_id`,`refund_status`,`refund_amount`,`refund_time`,`delete_flag`,`create_time`,`update_time`) VALUES (7,'O17741069270941',1,275.00,1,'2026-03-21 23:28:49',NULL,0,0.00,NULL,0,'2026-03-21 23:28:49','2026-03-21 23:28:49');
INSERT INTO `payment_record`(`id`,`order_no`,`pay_type`,`pay_amount`,`pay_status`,`pay_time`,`transaction_id`,`refund_status`,`refund_amount`,`refund_time`,`delete_flag`,`create_time`,`update_time`) VALUES (8,'O2035388978198392832',1,110.00,1,'2026-03-22 00:12:05',NULL,0,0.00,NULL,0,'2026-03-22 00:12:04','2026-03-22 00:12:04');
INSERT INTO `payment_record`(`id`,`order_no`,`pay_type`,`pay_amount`,`pay_status`,`pay_time`,`transaction_id`,`refund_status`,`refund_amount`,`refund_time`,`delete_flag`,`create_time`,`update_time`) VALUES (9,'O2035549350729482240',1,55.00,1,'2026-03-22 10:49:21',NULL,0,0.00,NULL,0,'2026-03-22 10:49:20','2026-03-22 10:49:20');
INSERT INTO `payment_record`(`id`,`order_no`,`pay_type`,`pay_amount`,`pay_status`,`pay_time`,`transaction_id`,`refund_status`,`refund_amount`,`refund_time`,`delete_flag`,`create_time`,`update_time`) VALUES (10,'O2035558103906414592',1,165.00,1,'2026-03-22 11:24:09',NULL,0,0.00,NULL,0,'2026-03-22 11:24:08','2026-03-22 11:24:08');
INSERT INTO `payment_record`(`id`,`order_no`,`pay_type`,`pay_amount`,`pay_status`,`pay_time`,`transaction_id`,`refund_status`,`refund_amount`,`refund_time`,`delete_flag`,`create_time`,`update_time`) VALUES (11,'O2035561594385235968',1,55.00,1,'2026-03-22 11:37:59',NULL,0,0.00,NULL,0,'2026-03-22 11:37:59','2026-03-22 11:37:59');
INSERT INTO `payment_record`(`id`,`order_no`,`pay_type`,`pay_amount`,`pay_status`,`pay_time`,`transaction_id`,`refund_status`,`refund_amount`,`refund_time`,`delete_flag`,`create_time`,`update_time`) VALUES (12,'O2035641782250999808',1,165.00,1,'2026-03-22 16:56:38',NULL,0,0.00,NULL,0,'2026-03-22 16:56:38','2026-03-22 16:56:38');
INSERT INTO `payment_record`(`id`,`order_no`,`pay_type`,`pay_amount`,`pay_status`,`pay_time`,`transaction_id`,`refund_status`,`refund_amount`,`refund_time`,`delete_flag`,`create_time`,`update_time`) VALUES (13,'O2036859784271114240',1,136.68,1,'2026-03-26 01:36:34',NULL,0,0.00,NULL,0,'2026-03-26 01:36:33','2026-03-26 01:36:33');
INSERT INTO `payment_record`(`id`,`order_no`,`pay_type`,`pay_amount`,`pay_status`,`pay_time`,`transaction_id`,`refund_status`,`refund_amount`,`refund_time`,`delete_flag`,`create_time`,`update_time`) VALUES (14,'O2036870162166214656',1,301.68,1,'2026-03-26 02:17:46',NULL,0,0.00,NULL,0,'2026-03-26 02:17:46','2026-03-26 02:17:46');
INSERT INTO `payment_record`(`id`,`order_no`,`pay_type`,`pay_amount`,`pay_status`,`pay_time`,`transaction_id`,`refund_status`,`refund_amount`,`refund_time`,`delete_flag`,`create_time`,`update_time`) VALUES (15,'O2036882988180164608',1,165.00,1,'2026-03-26 03:08:43',NULL,0,0.00,NULL,0,'2026-03-26 03:08:43','2026-03-26 03:08:43');
INSERT INTO `payment_record`(`id`,`order_no`,`pay_type`,`pay_amount`,`pay_status`,`pay_time`,`transaction_id`,`refund_status`,`refund_amount`,`refund_time`,`delete_flag`,`create_time`,`update_time`) VALUES (16,'O2036887422532489216',1,136.68,1,'2026-03-26 03:26:21',NULL,0,0.00,NULL,0,'2026-03-26 03:26:20','2026-03-26 03:26:20');
INSERT INTO `payment_record`(`id`,`order_no`,`pay_type`,`pay_amount`,`pay_status`,`pay_time`,`transaction_id`,`refund_status`,`refund_amount`,`refund_time`,`delete_flag`,`create_time`,`update_time`) VALUES (17,'O2036889565284962304',1,165.00,1,'2026-03-26 03:34:58',NULL,0,0.00,NULL,0,'2026-03-26 03:34:57','2026-03-26 03:34:57');

-- TABLE: product_category
DELETE FROM `product_category`;
INSERT INTO `product_category`(`id`,`category_name`,`parent_id`,`category_level`,`delete_flag`,`create_time`) VALUES (1,'生鲜',0,1,0,'2026-02-18 16:24:41');
INSERT INTO `product_category`(`id`,`category_name`,`parent_id`,`category_level`,`delete_flag`,`create_time`) VALUES (2,'干货',0,1,0,'2026-02-18 16:24:41');
INSERT INTO `product_category`(`id`,`category_name`,`parent_id`,`category_level`,`delete_flag`,`create_time`) VALUES (3,'粮油',0,1,0,'2026-02-18 16:24:41');
INSERT INTO `product_category`(`id`,`category_name`,`parent_id`,`category_level`,`delete_flag`,`create_time`) VALUES (4,'生鲜',0,1,0,'2026-03-18 19:28:36');
INSERT INTO `product_category`(`id`,`category_name`,`parent_id`,`category_level`,`delete_flag`,`create_time`) VALUES (5,'干货',0,1,0,'2026-03-18 19:28:36');
INSERT INTO `product_category`(`id`,`category_name`,`parent_id`,`category_level`,`delete_flag`,`create_time`) VALUES (6,'粮油',0,1,0,'2026-03-18 19:28:36');

-- TABLE: product_info
DELETE FROM `product_info`;
INSERT INTO `product_info`(`id`,`product_name`,`merchant_id`,`category_id`,`price`,`stock`,`stock_warning`,`product_img`,`product_desc`,`origin_place`,`status`,`reject_reason`,`is_unsalable`,`sales_volume`,`score`,`delete_flag`,`create_time`,`update_time`,`product_detail_img`) VALUES (1,'四川红心糖苹果',3,1,1.30,95,10,'/uploads/product-1-main-1.jpg,/uploads/product-1-main-2.jpg','得天独厚的优生环境
核心产区海拔多在 2000-2800 米，是世界公认的 7 项生态指标全达标的苹果优生区域。年日照时数超 2500 小时，日均光照可达 8-10 小时，昼夜温差普遍达 10-20℃，白天光合作用充分积累糖分，夜间低温大幅减少糖分消耗，天然促成了果实标志性的冰糖心；产区多采用雪山融水、山泉水灌溉，远离工业污染，生态纯净，为果实品质奠定了天然基础。
外观与品种辨识度拉满
主流栽培品种为红富士优系（红将军等），果形端正饱满，单果重普遍 200-300g，果皮成熟后全面着鲜红色至深红色，着色面积最高可达 90% 以上，自带天然原生果粉，部分不套袋自然生长的果实带轻微阳光晒斑，也被消费者亲切称为 “高原丑苹果”；另有特色红肉红心品种 “红色之爱”，从果皮到果肉均呈玫瑰红色，切开后不易氧化变色，观赏性与食用性兼具。
绿色生态的种植标准
产区坚持原生态种植模式，普遍采用果园生草栽培、人工除草、有机肥增肥，杜绝除草剂、催熟剂、膨大剂，不打蜡、不催红，果实全程自然生长成熟。历经数十年培育，已形成早中晚熟错峰上市的完整布局，7 月下旬早熟品种抢先上市，10-11 月晚熟糖心品种成为主力，鲜果供应周期长。','四川省自贡市富顺县',1,NULL,0,5,5.0,0,'2026-03-18 18:27:08','2026-03-26 00:53:14','/uploads/product-1-detail-1.jpg,/uploads/product-1-detail-2.jpg');
INSERT INTO `product_info`(`id`,`product_name`,`merchant_id`,`category_id`,`price`,`stock`,`stock_warning`,`product_img`,`product_desc`,`origin_place`,`status`,`reject_reason`,`is_unsalable`,`sales_volume`,`score`,`delete_flag`,`create_time`,`update_time`,`product_detail_img`) VALUES (2,'四川红心猕猴桃',6,1,29.90,8,10,'/uploads/product-2-main-1.jpg,/uploads/product-2-main-2.jpg','四川红心猕猴桃采用当季鲜采直发，果形饱满、口感清甜，支持冷链配送，适合家庭日常食用。','成都市蒲江',1,NULL,0,156,4.9,0,'2026-03-18 19:32:41','2026-03-26 00:53:14','/uploads/product-2-detail-1.jpg,/uploads/product-2-detail-2.jpg');
INSERT INTO `product_info`(`id`,`product_name`,`merchant_id`,`category_id`,`price`,`stock`,`stock_warning`,`product_img`,`product_desc`,`origin_place`,`status`,`reject_reason`,`is_unsalable`,`sales_volume`,`score`,`delete_flag`,`create_time`,`update_time`,`product_detail_img`) VALUES (3,'农家土鸡蛋 30枚',7,1,45.00,120,10,'/uploads/product-3-main-1.jpg,/uploads/product-3-main-2.jpg','农家土鸡蛋 30枚采用当季鲜采直发，果形饱满、口感清甜，支持冷链配送，适合家庭日常食用。','绵阳市三台',1,NULL,0,89,4.8,0,'2026-03-18 19:32:41','2026-03-26 00:53:14','/uploads/product-3-detail-1.jpg,/uploads/product-3-detail-2.jpg');
INSERT INTO `product_info`(`id`,`product_name`,`merchant_id`,`category_id`,`price`,`stock`,`stock_warning`,`product_img`,`product_desc`,`origin_place`,`status`,`reject_reason`,`is_unsalable`,`sales_volume`,`score`,`delete_flag`,`create_time`,`update_time`,`product_detail_img`) VALUES (4,'安岳柠檬 5斤装',6,1,19.90,498,10,'/uploads/product-4-main-1.jpg,/uploads/product-4-main-2.jpg','安岳柠檬 5斤装采用当季鲜采直发，果形饱满、口感清甜，支持冷链配送，适合家庭日常食用。','资阳市安岳',1,NULL,0,232,4.7,0,'2026-03-18 19:32:41','2026-03-26 00:53:14','/uploads/product-4-detail-1.jpg,/uploads/product-4-detail-2.jpg');
INSERT INTO `product_info`(`id`,`product_name`,`merchant_id`,`category_id`,`price`,`stock`,`stock_warning`,`product_img`,`product_desc`,`origin_place`,`status`,`reject_reason`,`is_unsalable`,`sales_volume`,`score`,`delete_flag`,`create_time`,`update_time`,`product_detail_img`) VALUES (5,'通江银耳 特级',7,2,88.00,45,10,'/uploads/product-5-main-1.jpg,/uploads/product-5-main-2.jpg','通江银耳 特级源自核心产区，原料精选、工艺规范，香味稳定，适合煲汤炖煮和长期储存。','巴中市通江',1,NULL,0,67,5.0,0,'2026-03-18 19:32:41','2026-03-26 00:53:14','/uploads/product-5-detail-1.jpg,/uploads/product-5-detail-2.jpg');
INSERT INTO `product_info`(`id`,`product_name`,`merchant_id`,`category_id`,`price`,`stock`,`stock_warning`,`product_img`,`product_desc`,`origin_place`,`status`,`reject_reason`,`is_unsalable`,`sales_volume`,`score`,`delete_flag`,`create_time`,`update_time`,`product_detail_img`) VALUES (6,'川西精选大牛肉',8,4,35.52,100,10,'/uploads/product-6-main-1.jpg,/uploads/product-6-main-2.jpg','川西精选大牛肉，源自甘孜、阿坝川西高原核心牧区，是川藏高原极具代表性的优质原生食材。

牦牛全程半野生散养于海拔2500米以上的高寒纯净草场，饮千年雪山融水，食天然牧草与虫草、贝母、蕨麻等高原野生药植，全程无人工催肥、无工业饲料添加，生长周期长达6-8年，沉淀出远超普通圈养牛肉的醇厚质感。

精选部位肉肌理紧实细腻，肉色鲜红油润，脂肪呈雪花状均匀分布，筋膜少、无多余杂质，无腥膻异味，自带天然奶香。入口细嫩不柴、多汁弹牙，炖煮易酥烂入味，煎烤焦香锁汁，无论是川式红汤卤煮、高原清炖，还是风干制作，都能凸显其浓郁本味，是兼具高营养与原生风味的高原臻品。','四川省甘孜县理塘镇',1,NULL,0,0,5.0,0,'2026-03-18 20:06:50','2026-03-26 00:53:14','/uploads/product-6-detail-1.jpg,/uploads/product-6-detail-2.jpg');
INSERT INTO `product_info`(`id`,`product_name`,`merchant_id`,`category_id`,`price`,`stock`,`stock_warning`,`product_img`,`product_desc`,`origin_place`,`status`,`reject_reason`,`is_unsalable`,`sales_volume`,`score`,`delete_flag`,`create_time`,`update_time`,`product_detail_img`) VALUES (7,'理塘顶真牛肉',8,4,45.56,91,10,'/uploads/product-7-main-1.jpg,/uploads/product-7-main-2.jpg','川西精选大牛肉，源自甘孜、阿坝川西高原核心牧区，是川藏高原极具代表性的优质原生食材。

牦牛全程半野生散养于海拔2500米以上的高寒纯净草场，饮千年雪山融水，食天然牧草与虫草、贝母、蕨麻等高原野生药植，全程无人工催肥、无工业饲料添加，生长周期长达6-8年，沉淀出远超普通圈养牛肉的醇厚质感。

精选部位肉肌理紧实细腻，肉色鲜红油润，脂肪呈雪花状均匀分布，筋膜少、无多余杂质，无腥膻异味，自带天然奶香。入口细嫩不柴、多汁弹牙，炖煮易酥烂入味，煎烤焦香锁汁，无论是川式红汤卤煮、高原清炖，还是风干制作，都能凸显其浓郁本味，是兼具高营养与原生风味的高原臻品。','四川省甘孜藏族自治州理塘县',1,NULL,1,9,5.0,0,'2026-03-18 20:11:47','2026-03-26 03:26:19','/uploads/product-7-detail-1.jpg,/uploads/product-7-detail-2.jpg');
INSERT INTO `product_info`(`id`,`product_name`,`merchant_id`,`category_id`,`price`,`stock`,`stock_warning`,`product_img`,`product_desc`,`origin_place`,`status`,`reject_reason`,`is_unsalable`,`sales_volume`,`score`,`delete_flag`,`create_time`,`update_time`,`product_detail_img`) VALUES (8,'精品牛肉',9,1,44.00,400,10,'/uploads/product-8-main-1.jpg,/uploads/product-8-main-2.jpg','精品牛肉采用当季鲜采直发，果形饱满、口感清甜，支持冷链配送，适合家庭日常食用。','湖北省/武汉市/江岸区',1,NULL,0,0,5.0,0,'2026-03-19 14:48:28','2026-03-26 00:53:14','/uploads/product-8-detail-1.jpg,/uploads/product-8-detail-2.jpg');
INSERT INTO `product_info`(`id`,`product_name`,`merchant_id`,`category_id`,`price`,`stock`,`stock_warning`,`product_img`,`product_desc`,`origin_place`,`status`,`reject_reason`,`is_unsalable`,`sales_volume`,`score`,`delete_flag`,`create_time`,`update_time`,`product_detail_img`) VALUES (16,'联调测试苹果修复后',6,1,12.50,30,5,'/uploads/product-16-main-1.jpg,/uploads/product-16-main-2.jpg','联调测试苹果修复后采用当季鲜采直发，果形饱满、口感清甜，支持冷链配送，适合家庭日常食用。','四川省/成都市/蒲江县',1,NULL,0,0,5.0,0,'2026-03-21 01:47:25','2026-03-26 00:53:14','/uploads/product-16-detail-1.jpg,/uploads/product-16-detail-2.jpg');
INSERT INTO `product_info`(`id`,`product_name`,`merchant_id`,`category_id`,`price`,`stock`,`stock_warning`,`product_img`,`product_desc`,`origin_place`,`status`,`reject_reason`,`is_unsalable`,`sales_volume`,`score`,`delete_flag`,`create_time`,`update_time`,`product_detail_img`) VALUES (17,'超级牛肉',8,4,55.00,163,10,'/uploads/product-17-main-1.jpg,/uploads/product-17-main-2.jpg','牛肉是牛科动物黄牛或水牛的肉，高蛋白 [13]、高胆固醇、高脂肪 [13]。中医认为牛肉有补中益气、滋养脾胃、强健筋骨、化痰息风、止渴止涎的功效 [13]，结肠癌与人们食用红肉（如牛肉）有着很大的相关性 [2]。
猪、牛、禽类肉中的抗生素含量在快速上升 [15]。2024年国内牛肉表观需求总量达1066万吨，人均消费量7.6千克 [10] [12]。
2026年2月28日，国家统计局发布《中华人民共和国2025年国民经济和社会发展统计公报》，公报显示：全年猪牛羊禽肉产量10072万吨，比上年增长4.2%。其中牛肉产量801万吨，增长2.8%。 [16]','北京市/市辖区/东城区',1,NULL,0,37,3.8,0,'2026-03-21 01:49:29','2026-03-26 03:34:50','/uploads/product-17-detail-1.jpg,/uploads/product-17-detail-2.jpg');
INSERT INTO `product_info`(`id`,`product_name`,`merchant_id`,`category_id`,`price`,`stock`,`stock_warning`,`product_img`,`product_desc`,`origin_place`,`status`,`reject_reason`,`is_unsalable`,`sales_volume`,`score`,`delete_flag`,`create_time`,`update_time`,`product_detail_img`) VALUES (18,'超级牛肉',8,4,55.00,200,10,'/uploads/c20747ef-5b06-4fe0-a100-9ad2e0dc0f74.png,/uploads/8223827a-21ff-499d-bf68-9591be25fe1f.jpeg,/uploads/8170dc56-a92d-4eb8-8331-275aed7682e8.jpg','牛肉是牛科动物黄牛或水牛的肉，高蛋白 [13]、高胆固醇、高脂肪 [13]。中医认为牛肉有补中益气、滋养脾胃、强健筋骨、化痰息风、止渴止涎的功效 [13]，结肠癌与人们食用红肉（如牛肉）有着很大的相关性 [2]。
猪、牛、禽类肉中的抗生素含量在快速上升 [15]。2024年国内牛肉表观需求总量达1066万吨，人均消费量7.6千克 [10] [12]。
2026年2月28日，国家统计局发布《中华人民共和国2025年国民经济和社会发展统计公报》，公报显示：全年猪牛羊禽肉产量10072万吨，比上年增长4.2%。其中牛肉产量801万吨，增长2.8%。 [16]','湖北省/随州市/曾都区',0,NULL,0,0,5.0,1,'2026-03-21 01:49:31','2026-03-21 01:53:30','/uploads/46a4dcf9-4401-4d0d-9894-27bc35ce8876.png,/uploads/bd0b45f8-edfe-4762-8f53-c77279ff9052.jpg');
INSERT INTO `product_info`(`id`,`product_name`,`merchant_id`,`category_id`,`price`,`stock`,`stock_warning`,`product_img`,`product_desc`,`origin_place`,`status`,`reject_reason`,`is_unsalable`,`sales_volume`,`score`,`delete_flag`,`create_time`,`update_time`,`product_detail_img`) VALUES (19,'超级牛肉',8,4,55.00,200,10,'/uploads/c20747ef-5b06-4fe0-a100-9ad2e0dc0f74.png,/uploads/8223827a-21ff-499d-bf68-9591be25fe1f.jpeg,/uploads/8170dc56-a92d-4eb8-8331-275aed7682e8.jpg','牛肉是牛科动物黄牛或水牛的肉，高蛋白 [13]、高胆固醇、高脂肪 [13]。中医认为牛肉有补中益气、滋养脾胃、强健筋骨、化痰息风、止渴止涎的功效 [13]，结肠癌与人们食用红肉（如牛肉）有着很大的相关性 [2]。
猪、牛、禽类肉中的抗生素含量在快速上升 [15]。2024年国内牛肉表观需求总量达1066万吨，人均消费量7.6千克 [10] [12]。
2026年2月28日，国家统计局发布《中华人民共和国2025年国民经济和社会发展统计公报》，公报显示：全年猪牛羊禽肉产量10072万吨，比上年增长4.2%。其中牛肉产量801万吨，增长2.8%。 [16]','湖北省/随州市/曾都区',0,NULL,0,0,5.0,1,'2026-03-21 01:49:37','2026-03-21 01:53:29','/uploads/46a4dcf9-4401-4d0d-9894-27bc35ce8876.png,/uploads/bd0b45f8-edfe-4762-8f53-c77279ff9052.jpg');
INSERT INTO `product_info`(`id`,`product_name`,`merchant_id`,`category_id`,`price`,`stock`,`stock_warning`,`product_img`,`product_desc`,`origin_place`,`status`,`reject_reason`,`is_unsalable`,`sales_volume`,`score`,`delete_flag`,`create_time`,`update_time`,`product_detail_img`) VALUES (20,'超级牛肉',8,4,55.00,200,10,'/uploads/c20747ef-5b06-4fe0-a100-9ad2e0dc0f74.png,/uploads/8223827a-21ff-499d-bf68-9591be25fe1f.jpeg,/uploads/8170dc56-a92d-4eb8-8331-275aed7682e8.jpg','牛肉是牛科动物黄牛或水牛的肉，高蛋白 [13]、高胆固醇、高脂肪 [13]。中医认为牛肉有补中益气、滋养脾胃、强健筋骨、化痰息风、止渴止涎的功效 [13]，结肠癌与人们食用红肉（如牛肉）有着很大的相关性 [2]。
猪、牛、禽类肉中的抗生素含量在快速上升 [15]。2024年国内牛肉表观需求总量达1066万吨，人均消费量7.6千克 [10] [12]。
2026年2月28日，国家统计局发布《中华人民共和国2025年国民经济和社会发展统计公报》，公报显示：全年猪牛羊禽肉产量10072万吨，比上年增长4.2%。其中牛肉产量801万吨，增长2.8%。 [16]','湖北省/随州市/曾都区',0,NULL,0,0,5.0,1,'2026-03-21 01:50:17','2026-03-21 01:53:28','/uploads/46a4dcf9-4401-4d0d-9894-27bc35ce8876.png,/uploads/bd0b45f8-edfe-4762-8f53-c77279ff9052.jpg');
INSERT INTO `product_info`(`id`,`product_name`,`merchant_id`,`category_id`,`price`,`stock`,`stock_warning`,`product_img`,`product_desc`,`origin_place`,`status`,`reject_reason`,`is_unsalable`,`sales_volume`,`score`,`delete_flag`,`create_time`,`update_time`,`product_detail_img`) VALUES (21,'高山草莓礼盒500g',6,1,39.90,160,20,'/uploads/product-21-main-1.jpg,/uploads/product-21-main-2.jpg','高海拔种植，果香浓郁，酸甜平衡，适合家庭即食与甜品制作。','四川省/成都市/蒲江县',1,NULL,0,0,5.0,0,'2026-03-22 19:40:43','2026-03-26 00:53:14','/uploads/product-21-detail-1.jpg,/uploads/product-21-detail-2.jpg');
INSERT INTO `product_info`(`id`,`product_name`,`merchant_id`,`category_id`,`price`,`stock`,`stock_warning`,`product_img`,`product_desc`,`origin_place`,`status`,`reject_reason`,`is_unsalable`,`sales_volume`,`score`,`delete_flag`,`create_time`,`update_time`,`product_detail_img`) VALUES (22,'蒲江耙耙柑5斤装',6,1,36.80,260,30,'/uploads/product-22-main-1.jpg,/uploads/product-22-main-2.jpg','皮薄多汁、果肉细嫩，轻甜不腻，适合作为日常水果补给。','四川省/成都市/蒲江县',1,NULL,0,0,5.0,0,'2026-03-22 19:40:43','2026-03-26 00:53:14','/uploads/product-22-detail-1.jpg,/uploads/product-22-detail-2.jpg');
INSERT INTO `product_info`(`id`,`product_name`,`merchant_id`,`category_id`,`price`,`stock`,`stock_warning`,`product_img`,`product_desc`,`origin_place`,`status`,`reject_reason`,`is_unsalable`,`sales_volume`,`score`,`delete_flag`,`create_time`,`update_time`,`product_detail_img`) VALUES (23,'资中血橙精选礼盒',6,1,42.00,180,20,'/uploads/product-23-main-1.jpg,/uploads/product-23-main-2.jpg','果肉细腻，汁水充足，富含花青素，适合榨汁和鲜食。','四川省/内江市/资中县',1,NULL,0,0,5.0,0,'2026-03-22 19:40:43','2026-03-26 00:53:14','/uploads/product-23-detail-1.jpg,/uploads/product-23-detail-2.jpg');
INSERT INTO `product_info`(`id`,`product_name`,`merchant_id`,`category_id`,`price`,`stock`,`stock_warning`,`product_img`,`product_desc`,`origin_place`,`status`,`reject_reason`,`is_unsalable`,`sales_volume`,`score`,`delete_flag`,`create_time`,`update_time`,`product_detail_img`) VALUES (24,'盐源糖心苹果5斤',6,1,45.00,150,20,'/uploads/product-24-main-1.jpg,/uploads/product-24-main-2.jpg','昼夜温差大形成糖心，口感脆甜，耐储存，家庭囤货友好。','四川省/凉山州/盐源县',1,NULL,0,0,5.0,0,'2026-03-22 19:40:43','2026-03-26 00:53:14','/uploads/product-24-detail-1.jpg,/uploads/product-24-detail-2.jpg');
INSERT INTO `product_info`(`id`,`product_name`,`merchant_id`,`category_id`,`price`,`stock`,`stock_warning`,`product_img`,`product_desc`,`origin_place`,`status`,`reject_reason`,`is_unsalable`,`sales_volume`,`score`,`delete_flag`,`create_time`,`update_time`,`product_detail_img`) VALUES (25,'阿坝蓝莓125g*4',6,1,49.90,120,15,'/uploads/product-25-main-1.jpg,/uploads/product-25-main-2.jpg','高原蓝莓颗粒饱满，口味清甜，独立小盒包装更便于分食。','四川省/阿坝州/汶川县',1,NULL,0,0,5.0,0,'2026-03-22 19:40:43','2026-03-26 00:53:14','/uploads/product-25-detail-1.jpg,/uploads/product-25-detail-2.jpg');
INSERT INTO `product_info`(`id`,`product_name`,`merchant_id`,`category_id`,`price`,`stock`,`stock_warning`,`product_img`,`product_desc`,`origin_place`,`status`,`reject_reason`,`is_unsalable`,`sales_volume`,`score`,`delete_flag`,`create_time`,`update_time`,`product_detail_img`) VALUES (26,'攀枝花凯特芒果3斤',6,1,38.50,210,25,'/uploads/product-26-main-1.jpg,/uploads/product-26-main-2.jpg','香气浓郁、纤维少，成熟后果肉细腻，适合即食与果昔。','四川省/攀枝花市/仁和区',1,NULL,0,0,5.0,0,'2026-03-22 19:40:43','2026-03-26 00:53:14','/uploads/product-26-detail-1.jpg,/uploads/product-26-detail-2.jpg');
INSERT INTO `product_info`(`id`,`product_name`,`merchant_id`,`category_id`,`price`,`stock`,`stock_warning`,`product_img`,`product_desc`,`origin_place`,`status`,`reject_reason`,`is_unsalable`,`sales_volume`,`score`,`delete_flag`,`create_time`,`update_time`,`product_detail_img`) VALUES (27,'通江银耳中朵200g',7,2,58.00,180,20,'/uploads/product-27-main-1.jpg,/uploads/product-27-main-2.jpg','朵形完整、易泡发，适合炖煮甜汤与家常养生食谱。','四川省/巴中市/通江县',1,NULL,0,0,5.0,0,'2026-03-22 19:40:43','2026-03-26 00:53:14','/uploads/product-27-detail-1.jpg,/uploads/product-27-detail-2.jpg');
INSERT INTO `product_info`(`id`,`product_name`,`merchant_id`,`category_id`,`price`,`stock`,`stock_warning`,`product_img`,`product_desc`,`origin_place`,`status`,`reject_reason`,`is_unsalable`,`sales_volume`,`score`,`delete_flag`,`create_time`,`update_time`,`product_detail_img`) VALUES (28,'大凉山黑木耳250g',7,2,36.00,220,25,'/uploads/product-28-main-1.jpg,/uploads/product-28-main-2.jpg','山林环境自然晾晒，泡发率高，口感脆爽，炒炖皆宜。','四川省/凉山州/西昌市',1,NULL,0,0,5.0,0,'2026-03-22 19:40:43','2026-03-26 00:53:14','/uploads/product-28-detail-1.jpg,/uploads/product-28-detail-2.jpg');
INSERT INTO `product_info`(`id`,`product_name`,`merchant_id`,`category_id`,`price`,`stock`,`stock_warning`,`product_img`,`product_desc`,`origin_place`,`status`,`reject_reason`,`is_unsalable`,`sales_volume`,`score`,`delete_flag`,`create_time`,`update_time`,`product_detail_img`) VALUES (29,'青川香菇干300g',7,2,42.00,170,20,'/uploads/product-29-main-1.jpg,/uploads/product-29-main-2.jpg','香气浓郁，菇形完整，适合炖鸡、煲汤和素食料理。','四川省/广元市/青川县',1,NULL,0,0,5.0,0,'2026-03-22 19:40:43','2026-03-26 00:53:14','/uploads/product-29-detail-1.jpg,/uploads/product-29-detail-2.jpg');
INSERT INTO `product_info`(`id`,`product_name`,`merchant_id`,`category_id`,`price`,`stock`,`stock_warning`,`product_img`,`product_desc`,`origin_place`,`status`,`reject_reason`,`is_unsalable`,`sales_volume`,`score`,`delete_flag`,`create_time`,`update_time`,`product_detail_img`) VALUES (30,'剑阁核桃仁500g',7,2,68.00,140,15,'/uploads/product-30-main-1.jpg,/uploads/product-30-main-2.jpg','手工去壳，仁大饱满，适合烘焙、冲饮及每日坚果补充。','四川省/广元市/剑阁县',1,NULL,0,0,5.0,0,'2026-03-22 19:40:43','2026-03-26 00:53:14','/uploads/product-30-detail-1.jpg,/uploads/product-30-detail-2.jpg');
INSERT INTO `product_info`(`id`,`product_name`,`merchant_id`,`category_id`,`price`,`stock`,`stock_warning`,`product_img`,`product_desc`,`origin_place`,`status`,`reject_reason`,`is_unsalable`,`sales_volume`,`score`,`delete_flag`,`create_time`,`update_time`,`product_detail_img`) VALUES (31,'若尔盖牦牛肉干120g',8,2,39.80,260,30,'/uploads/product-31-main-1.jpg,/uploads/product-31-main-2.jpg','高原牧场原料，纹理紧实，越嚼越香，追剧和出行都方便。','四川省/阿坝州/若尔盖县',1,NULL,0,0,5.0,0,'2026-03-22 19:40:43','2026-03-26 00:53:14','/uploads/product-31-detail-1.jpg,/uploads/product-31-detail-2.jpg');
INSERT INTO `product_info`(`id`,`product_name`,`merchant_id`,`category_id`,`price`,`stock`,`stock_warning`,`product_img`,`product_desc`,`origin_place`,`status`,`reject_reason`,`is_unsalable`,`sales_volume`,`score`,`delete_flag`,`create_time`,`update_time`,`product_detail_img`) VALUES (32,'雅安藏茶散茶250g',7,2,55.00,190,20,'/uploads/product-32-main-1.jpg,/uploads/product-32-main-2.jpg','传统工艺发酵，茶汤红浓，适合日常暖胃饮用。','四川省/雅安市/雨城区',1,NULL,0,0,5.0,0,'2026-03-22 19:40:43','2026-03-26 00:53:14','/uploads/product-32-detail-1.jpg,/uploads/product-32-detail-2.jpg');
INSERT INTO `product_info`(`id`,`product_name`,`merchant_id`,`category_id`,`price`,`stock`,`stock_warning`,`product_img`,`product_desc`,`origin_place`,`status`,`reject_reason`,`is_unsalable`,`sales_volume`,`score`,`delete_flag`,`create_time`,`update_time`,`product_detail_img`) VALUES (33,'五常大米5kg',7,3,69.90,300,40,'/uploads/product-33-main-1.jpg,/uploads/product-33-main-2.jpg','米粒油润，蒸煮后口感软糯香甜，适合家庭主食。','黑龙江省/哈尔滨市/五常市',1,NULL,0,0,5.0,0,'2026-03-22 19:40:43','2026-03-26 00:53:14','/uploads/product-33-detail-1.jpg,/uploads/product-33-detail-2.jpg');
INSERT INTO `product_info`(`id`,`product_name`,`merchant_id`,`category_id`,`price`,`stock`,`stock_warning`,`product_img`,`product_desc`,`origin_place`,`status`,`reject_reason`,`is_unsalable`,`sales_volume`,`score`,`delete_flag`,`create_time`,`update_time`,`product_detail_img`) VALUES (34,'小榨菜籽油5L',7,3,119.00,180,20,'/uploads/product-34-main-1.jpg,/uploads/product-34-main-2.jpg','传统压榨工艺，油香浓郁，适合川味炒菜与凉拌。','四川省/绵阳市/三台县',1,NULL,0,0,5.0,0,'2026-03-22 19:40:43','2026-03-26 00:53:14','/uploads/product-34-detail-1.jpg,/uploads/product-34-detail-2.jpg');
INSERT INTO `product_info`(`id`,`product_name`,`merchant_id`,`category_id`,`price`,`stock`,`stock_warning`,`product_img`,`product_desc`,`origin_place`,`status`,`reject_reason`,`is_unsalable`,`sales_volume`,`score`,`delete_flag`,`create_time`,`update_time`,`product_detail_img`) VALUES (35,'农家红薯粉条1kg',7,3,29.80,260,30,'/uploads/product-35-main-1.jpg,/uploads/product-35-main-2.jpg','纯薯浆制作，煮后爽滑弹韧，火锅炖菜都合适。','四川省/南充市/仪陇县',1,NULL,0,0,5.0,0,'2026-03-22 19:40:43','2026-03-26 00:53:14','/uploads/product-35-detail-1.jpg,/uploads/product-35-detail-2.jpg');
INSERT INTO `product_info`(`id`,`product_name`,`merchant_id`,`category_id`,`price`,`stock`,`stock_warning`,`product_img`,`product_desc`,`origin_place`,`status`,`reject_reason`,`is_unsalable`,`sales_volume`,`score`,`delete_flag`,`create_time`,`update_time`,`product_detail_img`) VALUES (36,'青稞面1kg',7,3,22.00,230,25,'/uploads/product-36-main-1.jpg,/uploads/product-36-main-2.jpg','高原青稞研磨，麦香明显，适合面食和营养代餐。','四川省/甘孜州/理塘县',1,NULL,0,0,5.0,0,'2026-03-22 19:40:43','2026-03-26 00:53:14','/uploads/product-36-detail-1.jpg,/uploads/product-36-detail-2.jpg');
INSERT INTO `product_info`(`id`,`product_name`,`merchant_id`,`category_id`,`price`,`stock`,`stock_warning`,`product_img`,`product_desc`,`origin_place`,`status`,`reject_reason`,`is_unsalable`,`sales_volume`,`score`,`delete_flag`,`create_time`,`update_time`,`product_detail_img`) VALUES (37,'有机黄豆2.5kg',7,3,35.00,280,35,'/uploads/product-37-main-1.jpg,/uploads/product-37-main-2.jpg','颗粒饱满，豆香自然，适合打豆浆、做豆腐和炖菜。','四川省/德阳市/中江县',1,NULL,0,0,5.0,0,'2026-03-22 19:40:43','2026-03-26 00:53:14','/uploads/product-37-detail-1.jpg,/uploads/product-37-detail-2.jpg');
INSERT INTO `product_info`(`id`,`product_name`,`merchant_id`,`category_id`,`price`,`stock`,`stock_warning`,`product_img`,`product_desc`,`origin_place`,`status`,`reject_reason`,`is_unsalable`,`sales_volume`,`score`,`delete_flag`,`create_time`,`update_time`,`product_detail_img`) VALUES (38,'土蜂蜜500g',6,3,59.90,190,20,'/uploads/product-38-main-1.jpg,/uploads/product-38-main-2.jpg','百花蜜源，口感醇厚，冲饮、烘焙和早餐搭配都不错。','四川省/雅安市/天全县',1,NULL,0,0,5.0,0,'2026-03-22 19:40:43','2026-03-26 00:53:14','/uploads/product-38-detail-1.jpg,/uploads/product-38-detail-2.jpg');
INSERT INTO `product_info`(`id`,`product_name`,`merchant_id`,`category_id`,`price`,`stock`,`stock_warning`,`product_img`,`product_desc`,`origin_place`,`status`,`reject_reason`,`is_unsalable`,`sales_volume`,`score`,`delete_flag`,`create_time`,`update_time`,`product_detail_img`) VALUES (39,'林下散养土鸡1.2kg',8,4,58.00,120,15,'/uploads/product-39-main-1.jpg,/uploads/product-39-main-2.jpg','林地散养，肉质紧实，适合炖汤和家常红烧。','四川省/绵阳市/三台县',1,NULL,0,0,5.0,0,'2026-03-22 19:40:43','2026-03-26 00:53:14','/uploads/product-39-detail-1.jpg,/uploads/product-39-detail-2.jpg');
INSERT INTO `product_info`(`id`,`product_name`,`merchant_id`,`category_id`,`price`,`stock`,`stock_warning`,`product_img`,`product_desc`,`origin_place`,`status`,`reject_reason`,`is_unsalable`,`sales_volume`,`score`,`delete_flag`,`create_time`,`update_time`,`product_detail_img`) VALUES (40,'冷鲜土猪前腿肉500g',8,4,29.90,220,25,'/uploads/product-40-main-1.jpg,/uploads/product-40-main-2.jpg','当日分割冷鲜直发，肥瘦均衡，炒菜、炖煮都适合。','四川省/成都市/郫都区',1,NULL,0,0,5.0,0,'2026-03-22 19:40:43','2026-03-26 00:53:14','/uploads/product-40-detail-1.jpg,/uploads/product-40-detail-2.jpg');
INSERT INTO `product_info`(`id`,`product_name`,`merchant_id`,`category_id`,`price`,`stock`,`stock_warning`,`product_img`,`product_desc`,`origin_place`,`status`,`reject_reason`,`is_unsalable`,`sales_volume`,`score`,`delete_flag`,`create_time`,`update_time`,`product_detail_img`) VALUES (41,'农家土鸡蛋40枚',8,4,52.00,260,30,'/uploads/product-41-main-1.jpg,/uploads/product-41-main-2.jpg','蛋黄饱满，蛋香明显，适合蒸蛋、烘焙与早餐煎蛋。','四川省/遂宁市/射洪市',1,NULL,0,0,5.0,0,'2026-03-22 19:40:43','2026-03-26 00:53:14','/uploads/product-41-detail-1.jpg,/uploads/product-41-detail-2.jpg');
INSERT INTO `product_info`(`id`,`product_name`,`merchant_id`,`category_id`,`price`,`stock`,`stock_warning`,`product_img`,`product_desc`,`origin_place`,`status`,`reject_reason`,`is_unsalable`,`sales_volume`,`score`,`delete_flag`,`create_time`,`update_time`,`product_detail_img`) VALUES (42,'生态鸭肉1kg',8,4,45.00,170,20,'/uploads/product-42-main-1.jpg,/uploads/product-42-main-2.jpg','生态水域养殖，肉质细嫩，适合红烧、卤制和炖汤。','四川省/乐山市/夹江县',1,NULL,0,0,5.0,0,'2026-03-22 19:40:43','2026-03-26 00:53:14','/uploads/product-42-detail-1.jpg,/uploads/product-42-detail-2.jpg');
INSERT INTO `product_info`(`id`,`product_name`,`merchant_id`,`category_id`,`price`,`stock`,`stock_warning`,`product_img`,`product_desc`,`origin_place`,`status`,`reject_reason`,`is_unsalable`,`sales_volume`,`score`,`delete_flag`,`create_time`,`update_time`,`product_detail_img`) VALUES (43,'高原牦牛里脊500g',8,4,79.00,110,15,'/uploads/product-43-main-1.jpg,/uploads/product-43-main-2.jpg','高原自然放牧，肉味浓郁，适合煎烤与快炒。','四川省/甘孜州/理塘县',1,NULL,0,0,5.0,0,'2026-03-22 19:40:43','2026-03-26 00:53:14','/uploads/product-43-detail-1.jpg,/uploads/product-43-detail-2.jpg');
INSERT INTO `product_info`(`id`,`product_name`,`merchant_id`,`category_id`,`price`,`stock`,`stock_warning`,`product_img`,`product_desc`,`origin_place`,`status`,`reject_reason`,`is_unsalable`,`sales_volume`,`score`,`delete_flag`,`create_time`,`update_time`,`product_detail_img`) VALUES (44,'川味腊肠500g',8,4,38.80,240,30,'/uploads/product-44-main-1.jpg,/uploads/product-44-main-2.jpg','传统川味配方，咸香微辣，蒸炒焖饭都很下饭。','四川省/眉山市/东坡区',1,NULL,0,0,5.0,0,'2026-03-22 19:40:43','2026-03-26 00:53:14','/uploads/product-44-detail-1.jpg,/uploads/product-44-detail-2.jpg');

-- TABLE: product_trace
DELETE FROM `product_trace`;
INSERT INTO `product_trace`(`id`,`product_id`,`planting_cycle`,`origin_place_detail`,`fertilizer_type`,`storage_method`,`transport_method`,`qr_code_url`,`delete_flag`,`create_time`,`update_time`) VALUES (1,1,'2月份播种，6月份采摘','四川省自贡市富顺县','农家肥','常温保存','普通物流',NULL,0,'2026-03-18 18:27:08','2026-03-18 18:27:08');
INSERT INTO `product_trace`(`id`,`product_id`,`planting_cycle`,`origin_place_detail`,`fertilizer_type`,`storage_method`,`transport_method`,`qr_code_url`,`delete_flag`,`create_time`,`update_time`) VALUES (2,6,'三天内现杀的牛肉','四川省甘孜县理塘镇','农家肥','冷藏保存','冷链运输',NULL,0,'2026-03-18 20:06:50','2026-03-18 20:06:50');
INSERT INTO `product_trace`(`id`,`product_id`,`planting_cycle`,`origin_place_detail`,`fertilizer_type`,`storage_method`,`transport_method`,`qr_code_url`,`delete_flag`,`create_time`,`update_time`) VALUES (3,7,'发货的牛肉为购买日期当天现杀的牛肉','四川省甘孜藏族自治州理塘县','农家肥','冷藏保存','冷链运输',NULL,0,'2026-03-18 20:11:47','2026-03-18 20:11:47');
INSERT INTO `product_trace`(`id`,`product_id`,`planting_cycle`,`origin_place_detail`,`fertilizer_type`,`storage_method`,`transport_method`,`qr_code_url`,`delete_flag`,`create_time`,`update_time`) VALUES (4,8,NULL,'15',NULL,'冷藏保存','普通物流',NULL,0,'2026-03-19 14:48:28','2026-03-19 14:48:28');
INSERT INTO `product_trace`(`id`,`product_id`,`planting_cycle`,`origin_place_detail`,`fertilizer_type`,`storage_method`,`transport_method`,`qr_code_url`,`delete_flag`,`create_time`,`update_time`) VALUES (5,16,'春季到秋季','测试地址','有机生产','常温保存','普通物流',NULL,0,'2026-03-21 01:47:25','2026-03-21 01:47:25');
INSERT INTO `product_trace`(`id`,`product_id`,`planting_cycle`,`origin_place_detail`,`fertilizer_type`,`storage_method`,`transport_method`,`qr_code_url`,`delete_flag`,`create_time`,`update_time`) VALUES (6,17,'现杀的牛肉','北京大学','现代化养殖','冷冻保存','冷链运输',NULL,0,'2026-03-21 01:49:29','2026-03-21 01:49:29');
INSERT INTO `product_trace`(`id`,`product_id`,`planting_cycle`,`origin_place_detail`,`fertilizer_type`,`storage_method`,`transport_method`,`qr_code_url`,`delete_flag`,`create_time`,`update_time`) VALUES (7,18,'现杀的新鲜牛肉','清河路','现代化养殖','冷冻保存','普通物流',NULL,0,'2026-03-21 01:49:31','2026-03-21 01:49:31');
INSERT INTO `product_trace`(`id`,`product_id`,`planting_cycle`,`origin_place_detail`,`fertilizer_type`,`storage_method`,`transport_method`,`qr_code_url`,`delete_flag`,`create_time`,`update_time`) VALUES (8,19,'现杀的新鲜牛肉','清河路','现代化养殖','冷冻保存','普通物流',NULL,0,'2026-03-21 01:49:37','2026-03-21 01:49:37');
INSERT INTO `product_trace`(`id`,`product_id`,`planting_cycle`,`origin_place_detail`,`fertilizer_type`,`storage_method`,`transport_method`,`qr_code_url`,`delete_flag`,`create_time`,`update_time`) VALUES (9,20,'现杀的新鲜牛肉','清河路','现代化养殖','冷冻保存','普通物流',NULL,0,'2026-03-21 01:50:17','2026-03-21 01:50:17');
INSERT INTO `product_trace`(`id`,`product_id`,`planting_cycle`,`origin_place_detail`,`fertilizer_type`,`storage_method`,`transport_method`,`qr_code_url`,`delete_flag`,`create_time`,`update_time`) VALUES (10,21,'春季育苗，冬季采收','四川省成都市蒲江县寿安镇','有机肥为主','冷藏','冷链运输','https://quickchart.io/qr?text=trace_agri_20260322_01',0,'2026-03-22 19:40:43','2026-03-22 19:40:43');
INSERT INTO `product_trace`(`id`,`product_id`,`planting_cycle`,`origin_place_detail`,`fertilizer_type`,`storage_method`,`transport_method`,`qr_code_url`,`delete_flag`,`create_time`,`update_time`) VALUES (11,22,'秋季挂果，冬季采摘','四川省成都市蒲江县西来镇','复合有机肥','阴凉通风','冷链运输','https://quickchart.io/qr?text=trace_agri_20260322_02',0,'2026-03-22 19:40:43','2026-03-22 19:40:43');
INSERT INTO `product_trace`(`id`,`product_id`,`planting_cycle`,`origin_place_detail`,`fertilizer_type`,`storage_method`,`transport_method`,`qr_code_url`,`delete_flag`,`create_time`,`update_time`) VALUES (12,23,'春花冬果','四川省内江市资中县双龙镇','生物有机肥','阴凉储存','常温快运','https://quickchart.io/qr?text=trace_agri_20260322_03',0,'2026-03-22 19:40:43','2026-03-22 19:40:43');
INSERT INTO `product_trace`(`id`,`product_id`,`planting_cycle`,`origin_place_detail`,`fertilizer_type`,`storage_method`,`transport_method`,`qr_code_url`,`delete_flag`,`create_time`,`update_time`) VALUES (13,24,'春季疏花，秋季采摘','四川省凉山州盐源县梅雨镇','农家堆肥','冷藏','冷链运输','https://quickchart.io/qr?text=trace_agri_20260322_04',0,'2026-03-22 19:40:43','2026-03-22 19:40:43');
INSERT INTO `product_trace`(`id`,`product_id`,`planting_cycle`,`origin_place_detail`,`fertilizer_type`,`storage_method`,`transport_method`,`qr_code_url`,`delete_flag`,`create_time`,`update_time`) VALUES (14,25,'春季开花，夏季采果','四川省阿坝州汶川县映秀镇','有机质改良土','冷藏','冷链运输','https://quickchart.io/qr?text=trace_agri_20260322_05',0,'2026-03-22 19:40:43','2026-03-22 19:40:43');
INSERT INTO `product_trace`(`id`,`product_id`,`planting_cycle`,`origin_place_detail`,`fertilizer_type`,`storage_method`,`transport_method`,`qr_code_url`,`delete_flag`,`create_time`,`update_time`) VALUES (15,26,'春季开花，夏季成熟','四川省攀枝花市仁和区大龙潭乡','水肥一体','阴凉通风','常温快运','https://quickchart.io/qr?text=trace_agri_20260322_06',0,'2026-03-22 19:40:43','2026-03-22 19:40:43');
INSERT INTO `product_trace`(`id`,`product_id`,`planting_cycle`,`origin_place_detail`,`fertilizer_type`,`storage_method`,`transport_method`,`qr_code_url`,`delete_flag`,`create_time`,`update_time`) VALUES (16,27,'春季接菌，秋季采收','四川省巴中市通江县诺江镇','菌棒有机培养','干燥密封','常温运输','https://quickchart.io/qr?text=trace_agri_20260322_07',0,'2026-03-22 19:40:43','2026-03-22 19:40:43');
INSERT INTO `product_trace`(`id`,`product_id`,`planting_cycle`,`origin_place_detail`,`fertilizer_type`,`storage_method`,`transport_method`,`qr_code_url`,`delete_flag`,`create_time`,`update_time`) VALUES (17,28,'春季出耳，夏秋采收','四川省凉山州西昌市安宁镇','生态基质','干燥密封','常温运输','https://quickchart.io/qr?text=trace_agri_20260322_08',0,'2026-03-22 19:40:43','2026-03-22 19:40:43');
INSERT INTO `product_trace`(`id`,`product_id`,`planting_cycle`,`origin_place_detail`,`fertilizer_type`,`storage_method`,`transport_method`,`qr_code_url`,`delete_flag`,`create_time`,`update_time`) VALUES (18,29,'春秋两季采菇','四川省广元市青川县乔庄镇','林下菌棒种植','阴凉密封','常温运输','https://quickchart.io/qr?text=trace_agri_20260322_09',0,'2026-03-22 19:40:43','2026-03-22 19:40:43');
INSERT INTO `product_trace`(`id`,`product_id`,`planting_cycle`,`origin_place_detail`,`fertilizer_type`,`storage_method`,`transport_method`,`qr_code_url`,`delete_flag`,`create_time`,`update_time`) VALUES (19,30,'秋季采果晾晒','四川省广元市剑阁县下寺镇','生态种植','密封防潮','常温运输','https://quickchart.io/qr?text=trace_agri_20260322_10',0,'2026-03-22 19:40:43','2026-03-22 19:40:43');
INSERT INTO `product_trace`(`id`,`product_id`,`planting_cycle`,`origin_place_detail`,`fertilizer_type`,`storage_method`,`transport_method`,`qr_code_url`,`delete_flag`,`create_time`,`update_time`) VALUES (20,31,'全年放牧，分批加工','四川省阿坝州若尔盖县唐克镇','天然牧草喂养','常温避光','常温运输','https://quickchart.io/qr?text=trace_agri_20260322_11',0,'2026-03-22 19:40:43','2026-03-22 19:40:43');
INSERT INTO `product_trace`(`id`,`product_id`,`planting_cycle`,`origin_place_detail`,`fertilizer_type`,`storage_method`,`transport_method`,`qr_code_url`,`delete_flag`,`create_time`,`update_time`) VALUES (21,32,'春采秋制','四川省雅安市雨城区草坝镇','生态茶园管理','干燥密封','常温运输','https://quickchart.io/qr?text=trace_agri_20260322_12',0,'2026-03-22 19:40:43','2026-03-22 19:40:43');
INSERT INTO `product_trace`(`id`,`product_id`,`planting_cycle`,`origin_place_detail`,`fertilizer_type`,`storage_method`,`transport_method`,`qr_code_url`,`delete_flag`,`create_time`,`update_time`) VALUES (22,33,'春播秋收','黑龙江省哈尔滨市五常市拉林镇','有机肥','阴凉干燥','常温运输','https://quickchart.io/qr?text=trace_agri_20260322_13',0,'2026-03-22 19:40:43','2026-03-22 19:40:43');
INSERT INTO `product_trace`(`id`,`product_id`,`planting_cycle`,`origin_place_detail`,`fertilizer_type`,`storage_method`,`transport_method`,`qr_code_url`,`delete_flag`,`create_time`,`update_time`) VALUES (23,34,'秋季采籽，冬季压榨','四川省绵阳市三台县芦溪镇','非转基因原料','密封避光','常温运输','https://quickchart.io/qr?text=trace_agri_20260322_14',0,'2026-03-22 19:40:43','2026-03-22 19:40:43');
INSERT INTO `product_trace`(`id`,`product_id`,`planting_cycle`,`origin_place_detail`,`fertilizer_type`,`storage_method`,`transport_method`,`qr_code_url`,`delete_flag`,`create_time`,`update_time`) VALUES (24,35,'秋季采薯加工','四川省南充市仪陇县马鞍镇','无添加','干燥保存','常温运输','https://quickchart.io/qr?text=trace_agri_20260322_15',0,'2026-03-22 19:40:43','2026-03-22 19:40:43');
INSERT INTO `product_trace`(`id`,`product_id`,`planting_cycle`,`origin_place_detail`,`fertilizer_type`,`storage_method`,`transport_method`,`qr_code_url`,`delete_flag`,`create_time`,`update_time`) VALUES (25,36,'春播秋收','四川省甘孜州理塘县高城镇','绿色种植','干燥保存','常温运输','https://quickchart.io/qr?text=trace_agri_20260322_16',0,'2026-03-22 19:40:43','2026-03-22 19:40:43');
INSERT INTO `product_trace`(`id`,`product_id`,`planting_cycle`,`origin_place_detail`,`fertilizer_type`,`storage_method`,`transport_method`,`qr_code_url`,`delete_flag`,`create_time`,`update_time`) VALUES (26,37,'夏播秋收','四川省德阳市中江县凯江镇','有机肥','防潮密封','常温运输','https://quickchart.io/qr?text=trace_agri_20260322_17',0,'2026-03-22 19:40:43','2026-03-22 19:40:43');
INSERT INTO `product_trace`(`id`,`product_id`,`planting_cycle`,`origin_place_detail`,`fertilizer_type`,`storage_method`,`transport_method`,`qr_code_url`,`delete_flag`,`create_time`,`update_time`) VALUES (27,38,'四季采蜜','四川省雅安市天全县始阳镇','自然放养蜂群','常温避光','常温运输','https://quickchart.io/qr?text=trace_agri_20260322_18',0,'2026-03-22 19:40:43','2026-03-22 19:40:43');
INSERT INTO `product_trace`(`id`,`product_id`,`planting_cycle`,`origin_place_detail`,`fertilizer_type`,`storage_method`,`transport_method`,`qr_code_url`,`delete_flag`,`create_time`,`update_time`) VALUES (28,39,'120天以上散养','四川省绵阳市三台县富顺镇','玉米谷物饲喂','冷鲜','冷链运输','https://quickchart.io/qr?text=trace_agri_20260322_19',0,'2026-03-22 19:40:43','2026-03-22 19:40:43');
INSERT INTO `product_trace`(`id`,`product_id`,`planting_cycle`,`origin_place_detail`,`fertilizer_type`,`storage_method`,`transport_method`,`qr_code_url`,`delete_flag`,`create_time`,`update_time`) VALUES (29,40,'180天生态饲养','四川省成都市郫都区唐昌镇','谷物配比饲料','冷鲜','冷链运输','https://quickchart.io/qr?text=trace_agri_20260322_20',0,'2026-03-22 19:40:43','2026-03-22 19:40:43');
INSERT INTO `product_trace`(`id`,`product_id`,`planting_cycle`,`origin_place_detail`,`fertilizer_type`,`storage_method`,`transport_method`,`qr_code_url`,`delete_flag`,`create_time`,`update_time`) VALUES (30,41,'自然散养产蛋','四川省遂宁市射洪市太和镇','谷物饲喂','常温通风','防震运输','https://quickchart.io/qr?text=trace_agri_20260322_21',0,'2026-03-22 19:40:43','2026-03-22 19:40:43');
INSERT INTO `product_trace`(`id`,`product_id`,`planting_cycle`,`origin_place_detail`,`fertilizer_type`,`storage_method`,`transport_method`,`qr_code_url`,`delete_flag`,`create_time`,`update_time`) VALUES (31,42,'90天生态养殖','四川省乐山市夹江县木城镇','谷物饲喂','冷鲜','冷链运输','https://quickchart.io/qr?text=trace_agri_20260322_22',0,'2026-03-22 19:40:43','2026-03-22 19:40:43');
INSERT INTO `product_trace`(`id`,`product_id`,`planting_cycle`,`origin_place_detail`,`fertilizer_type`,`storage_method`,`transport_method`,`qr_code_url`,`delete_flag`,`create_time`,`update_time`) VALUES (32,43,'全年天然牧场放养','四川省甘孜州理塘县甲洼镇','天然牧草','冷冻','冷链运输','https://quickchart.io/qr?text=trace_agri_20260322_23',0,'2026-03-22 19:40:43','2026-03-22 19:40:43');
INSERT INTO `product_trace`(`id`,`product_id`,`planting_cycle`,`origin_place_detail`,`fertilizer_type`,`storage_method`,`transport_method`,`qr_code_url`,`delete_flag`,`create_time`,`update_time`) VALUES (33,44,'冬季腌制晾晒','四川省眉山市东坡区尚义镇','精选猪肉配料','阴凉干燥','常温运输','https://quickchart.io/qr?text=trace_agri_20260322_24',0,'2026-03-22 19:40:43','2026-03-22 19:40:43');

-- TABLE: reconciliation_detail
DELETE FROM `reconciliation_detail`;
INSERT INTO `reconciliation_detail`(`id`,`merchant_id`,`order_no`,`order_amount`,`actual_income`,`service_fee`,`payment_time`,`transfer_status`,`transfer_time`,`transfer_no`,`retry_count`,`delete_flag`,`create_time`,`update_time`) VALUES (1,6,'O17738504025506',19.90,18.91,1.00,'2026-03-26 01:00:02',1,'2026-03-26 04:19:59','MANUAL_1774469999272',1,0,'2026-03-26 01:00:01','2026-03-26 01:00:01');

-- TABLE: shop_info
DELETE FROM `shop_info`;
INSERT INTO `shop_info`(`id`,`merchant_id`,`shop_name`,`shop_intro`,`qualification_img`,`delete_flag`,`create_time`,`update_time`,`shop_type`,`categories`,`shop_address`) VALUES (1,1,'张三家果园',NULL,NULL,0,'2026-02-22 22:40:02','2026-02-22 22:40:02',NULL,NULL,NULL);
INSERT INTO `shop_info`(`id`,`merchant_id`,`shop_name`,`shop_intro`,`qualification_img`,`delete_flag`,`create_time`,`update_time`,`shop_type`,`categories`,`shop_address`) VALUES (2,2,'绿色生态农场',NULL,NULL,0,'2026-03-01 15:06:30','2026-03-01 15:06:30',NULL,NULL,NULL);
INSERT INTO `shop_info`(`id`,`merchant_id`,`shop_name`,`shop_intro`,`qualification_img`,`delete_flag`,`create_time`,`update_time`,`shop_type`,`categories`,`shop_address`) VALUES (3,3,'罗汉之山东刚出炉的大馒头','','',0,'2026-03-17 22:48:34','2026-03-17 22:48:34',NULL,NULL,NULL);
INSERT INTO `shop_info`(`id`,`merchant_id`,`shop_name`,`shop_intro`,`qualification_img`,`delete_flag`,`create_time`,`update_time`,`shop_type`,`categories`,`shop_address`) VALUES (4,4,'罗家菜园',NULL,NULL,0,'2026-03-18 00:48:08','2026-03-18 00:48:08',NULL,NULL,NULL);
INSERT INTO `shop_info`(`id`,`merchant_id`,`shop_name`,`shop_intro`,`qualification_img`,`delete_flag`,`create_time`,`update_time`,`shop_type`,`categories`,`shop_address`) VALUES (5,5,'罗钧杰自售店铺',NULL,NULL,0,'2026-03-18 13:28:48','2026-03-18 13:28:48',NULL,NULL,NULL);
INSERT INTO `shop_info`(`id`,`merchant_id`,`shop_name`,`shop_intro`,`qualification_img`,`delete_flag`,`create_time`,`update_time`,`shop_type`,`categories`,`shop_address`) VALUES (6,6,'蒲江生态果园',NULL,NULL,0,'2026-03-18 19:32:41','2026-03-18 19:32:41',NULL,NULL,NULL);
INSERT INTO `shop_info`(`id`,`merchant_id`,`shop_name`,`shop_intro`,`qualification_img`,`delete_flag`,`create_time`,`update_time`,`shop_type`,`categories`,`shop_address`) VALUES (7,7,'三台养殖合作社',NULL,NULL,0,'2026-03-18 19:32:41','2026-03-18 19:32:41',NULL,NULL,NULL);
INSERT INTO `shop_info`(`id`,`merchant_id`,`shop_name`,`shop_intro`,`qualification_img`,`delete_flag`,`create_time`,`update_time`,`shop_type`,`categories`,`shop_address`) VALUES (8,8,'罗波肉铺专卖店','主要售卖各种猪肉，牛肉，羊肉等进口和国产牛肉','/uploads/31cea4ce-994e-425d-940f-56b10a67134b.png',0,'2026-03-18 19:49:50','2026-03-18 19:49:50','enterprise','grains,poultry,specialty','成都市');
INSERT INTO `shop_info`(`id`,`merchant_id`,`shop_name`,`shop_intro`,`qualification_img`,`delete_flag`,`create_time`,`update_time`,`shop_type`,`categories`,`shop_address`) VALUES (9,9,'路拒绝经典商铺','路聚聚路聚聚路聚聚林俊杰','/uploads/12bc1ba9-f972-4444-b18b-92a0dc20996e.jpeg',0,'2026-03-19 14:06:14','2026-03-19 14:06:14','individual','vegetables,fruits,grains','四川省成都市双流驾校旁边');

-- TABLE: subsidy_detail
DELETE FROM `subsidy_detail`;

-- TABLE: sys_operation_log
DELETE FROM `sys_operation_log`;

-- TABLE: sys_permission
DELETE FROM `sys_permission`;

-- TABLE: sys_role
DELETE FROM `sys_role`;
INSERT INTO `sys_role`(`id`,`role_name`,`role_code`,`description`,`delete_flag`,`create_time`,`update_time`) VALUES (1,'超级管理员','SUPER_ADMIN','全功能权限',0,'2026-02-18 16:24:41','2026-02-18 16:24:41');
INSERT INTO `sys_role`(`id`,`role_name`,`role_code`,`description`,`delete_flag`,`create_time`,`update_time`) VALUES (2,'内容管理员','CONTENT_ADMIN','仅商家/商品/评论审核、新闻管理',0,'2026-02-18 16:24:41','2026-02-18 16:24:41');

-- TABLE: sys_role_permission
DELETE FROM `sys_role_permission`;

-- TABLE: sys_user
DELETE FROM `sys_user`;
INSERT INTO `sys_user`(`id`,`username`,`password`,`phone`,`real_name`,`role_id`,`status`,`last_login_time`,`delete_flag`,`create_time`,`update_time`) VALUES (4,'admin','$2a$10$vQ/iW/N7u5G0wXeNGMp.cuBjFgqJL6kGttkoKKL7ctbc07fwymgCG','13800000000','1',1,1,'2026-03-26 02:54:47',0,'2026-03-01 13:59:33','2026-03-01 14:54:42');

-- TABLE: user_address
DELETE FROM `user_address`;
INSERT INTO `user_address`(`id`,`user_id`,`receiver`,`phone`,`province`,`city`,`county`,`town`,`detail_address`,`is_default`,`delete_flag`,`create_time`,`update_time`) VALUES (1,1,'ljj','19186400279','四川省','成都市','锦江区','春熙路街道','成都信息工程大学',1,0,'2026-03-09 01:28:25','2026-03-09 01:28:25');
INSERT INTO `user_address`(`id`,`user_id`,`receiver`,`phone`,`province`,`city`,`county`,`town`,`detail_address`,`is_default`,`delete_flag`,`create_time`,`update_time`) VALUES (2,5,'r','13800138001','四川省','成都市','高新区','中和街道','A',1,0,'2026-03-19 00:12:46','2026-03-19 00:12:46');
INSERT INTO `user_address`(`id`,`user_id`,`receiver`,`phone`,`province`,`city`,`county`,`town`,`detail_address`,`is_default`,`delete_flag`,`create_time`,`update_time`) VALUES (3,6,'r','13800138001','四川省','成都市','高新区','中和街道','A',1,0,'2026-03-19 00:13:22','2026-03-19 00:13:22');
INSERT INTO `user_address`(`id`,`user_id`,`receiver`,`phone`,`province`,`city`,`county`,`town`,`detail_address`,`is_default`,`delete_flag`,`create_time`,`update_time`) VALUES (4,1,'55555','55555555555','北京市','北京市','朝阳区','望京街道','555',0,0,'2026-03-22 21:00:39','2026-03-22 21:00:39');
INSERT INTO `user_address`(`id`,`user_id`,`receiver`,`phone`,`province`,`city`,`county`,`town`,`detail_address`,`is_default`,`delete_flag`,`create_time`,`update_time`) VALUES (5,1,'路聚聚','13986443325','天津市','天津市','滨海新区','新港街道','3123234',0,0,'2026-03-26 01:33:34','2026-03-26 01:33:34');

-- TABLE: user_info
DELETE FROM `user_info`;
INSERT INTO `user_info`(`id`,`phone`,`nickname`,`password`,`avatar_url`,`last_login_time`,`login_token`,`token_expire_time`,`status`,`delete_flag`,`create_time`,`update_time`) VALUES (1,'19186400279','张得帅666','$2a$10$CUVLRJIA2IcRyly.r1Z.reZKh8tC.lkiq/tF6pUwMfYQvizA.5vCa','/uploads/avatars/a03752449ffe4680b407946abd5cad69.jpg','2026-03-21 03:40:02',NULL,NULL,1,0,'2026-02-22 00:21:03','2026-02-22 00:21:03');
INSERT INTO `user_info`(`id`,`phone`,`nickname`,`password`,`avatar_url`,`last_login_time`,`login_token`,`token_expire_time`,`status`,`delete_flag`,`create_time`,`update_time`) VALUES (2,'13986443325','萝卜','$2a$10$0v08/QHpmDpurfeP2YCDle0pe6PCCkmG5hlssKD8jA93BLkQCP6bS',NULL,'2026-03-21 03:28:56',NULL,NULL,1,0,'2026-03-17 16:18:43','2026-03-17 16:18:43');
INSERT INTO `user_info`(`id`,`phone`,`nickname`,`password`,`avatar_url`,`last_login_time`,`login_token`,`token_expire_time`,`status`,`delete_flag`,`create_time`,`update_time`) VALUES (3,'15072980196','刘洪','$2a$10$S.uavMgID0NqPXhW/MhFzOuUEtkh/jCzHqJ4dJRqkZHJAdM3am4By',NULL,'2026-03-17 16:53:33',NULL,NULL,1,0,'2026-03-17 16:53:20','2026-03-17 16:53:20');
INSERT INTO `user_info`(`id`,`phone`,`nickname`,`password`,`avatar_url`,`last_login_time`,`login_token`,`token_expire_time`,`status`,`delete_flag`,`create_time`,`update_time`) VALUES (4,'13178410320','u','$2a$10$LQsB/AoW6BjkMEOoXou4YeguLux8yYSK0/guwzfllJ0NbViBw8TaW',NULL,'2026-03-19 00:12:12',NULL,NULL,1,0,'2026-03-19 00:12:12','2026-03-19 00:12:12');
INSERT INTO `user_info`(`id`,`phone`,`nickname`,`password`,`avatar_url`,`last_login_time`,`login_token`,`token_expire_time`,`status`,`delete_flag`,`create_time`,`update_time`) VALUES (5,'13937123062','u','$2a$10$ZoM4Cf7wUTIwH33ft0WVIOZL7p41JL5HVUfEWYyGzxLsofz9eSGnG',NULL,'2026-03-19 00:12:46',NULL,NULL,1,0,'2026-03-19 00:12:46','2026-03-19 00:12:46');
INSERT INTO `user_info`(`id`,`phone`,`nickname`,`password`,`avatar_url`,`last_login_time`,`login_token`,`token_expire_time`,`status`,`delete_flag`,`create_time`,`update_time`) VALUES (6,'13484848716','u','$2a$10$bWnIXzDEesWwd6oTQBnLGep5lg2FPK99e9EFiZCURMChuc.aoub9y',NULL,'2026-03-19 00:13:22',NULL,NULL,1,0,'2026-03-19 00:13:22','2026-03-20 15:53:38');

-- TABLE: user_message
DELETE FROM `user_message`;
INSERT INTO `user_message`(`id`,`user_id`,`sender_type`,`title`,`content`,`ref_type`,`ref_no`,`is_read`,`delete_flag`,`create_time`,`update_time`) VALUES (1,1,3,'评论审核通过','您的评论审核已通过，现已展示在商品评论区。','product','17',1,0,'2026-03-22 10:44:19','2026-03-22 10:44:53');
INSERT INTO `user_message`(`id`,`user_id`,`sender_type`,`title`,`content`,`ref_type`,`ref_no`,`is_read`,`delete_flag`,`create_time`,`update_time`) VALUES (2,1,3,'评论审核未通过','用户该评论违规，审核未通过','comment','5',1,0,'2026-03-22 10:44:21','2026-03-22 10:44:53');
INSERT INTO `user_message`(`id`,`user_id`,`sender_type`,`title`,`content`,`ref_type`,`ref_no`,`is_read`,`delete_flag`,`create_time`,`update_time`) VALUES (3,1,3,'评论审核通过','您的评论审核已通过，现已展示在商品评论区。','product','17',1,0,'2026-03-22 10:44:23','2026-03-22 10:44:45');
INSERT INTO `user_message`(`id`,`user_id`,`sender_type`,`title`,`content`,`ref_type`,`ref_no`,`is_read`,`delete_flag`,`create_time`,`update_time`) VALUES (4,1,3,'评论审核未通过','用户该评论违规，审核未通过','comment','5',1,0,'2026-03-22 10:45:29','2026-03-22 10:45:41');
INSERT INTO `user_message`(`id`,`user_id`,`sender_type`,`title`,`content`,`ref_type`,`ref_no`,`is_read`,`delete_flag`,`create_time`,`update_time`) VALUES (5,1,3,'评论审核通过','您的评论审核已通过，现已展示在商品评论区。','product','17',1,0,'2026-03-22 10:45:53','2026-03-22 10:51:15');
INSERT INTO `user_message`(`id`,`user_id`,`sender_type`,`title`,`content`,`ref_type`,`ref_no`,`is_read`,`delete_flag`,`create_time`,`update_time`) VALUES (6,1,2,'订单已发货','您的订单 O2035549350729482240 已由商家发货，请留意物流信息。','order','O2035549350729482240',1,0,'2026-03-22 10:49:44','2026-03-22 10:51:06');
INSERT INTO `user_message`(`id`,`user_id`,`sender_type`,`title`,`content`,`ref_type`,`ref_no`,`is_read`,`delete_flag`,`create_time`,`update_time`) VALUES (7,1,1,'评论提交成功','您的评论已提交，等待管理员审核后即可查看评论。','comment','6',1,0,'2026-03-22 10:50:34','2026-03-22 10:51:15');
INSERT INTO `user_message`(`id`,`user_id`,`sender_type`,`title`,`content`,`ref_type`,`ref_no`,`is_read`,`delete_flag`,`create_time`,`update_time`) VALUES (8,1,3,'评论审核未通过','用户该评论违规，审核未通过','comment','6',1,0,'2026-03-22 10:50:51','2026-03-22 10:51:15');
INSERT INTO `user_message`(`id`,`user_id`,`sender_type`,`title`,`content`,`ref_type`,`ref_no`,`is_read`,`delete_flag`,`create_time`,`update_time`) VALUES (9,1,1,'评论修改成功','您的评论已重新提交，等待管理员审核后即可查看评论。','comment','6',1,0,'2026-03-22 11:20:33','2026-03-22 11:38:15');
INSERT INTO `user_message`(`id`,`user_id`,`sender_type`,`title`,`content`,`ref_type`,`ref_no`,`is_read`,`delete_flag`,`create_time`,`update_time`) VALUES (10,1,3,'评论审核通过','您的评论审核已通过，现已展示在商品评论区。','product','17',1,0,'2026-03-22 11:20:48','2026-03-22 11:20:56');
INSERT INTO `user_message`(`id`,`user_id`,`sender_type`,`title`,`content`,`ref_type`,`ref_no`,`is_read`,`delete_flag`,`create_time`,`update_time`) VALUES (11,1,3,'评论审核未通过','用户该评论违规，审核未通过','comment','6',1,0,'2026-03-22 11:21:10','2026-03-22 11:38:15');
INSERT INTO `user_message`(`id`,`user_id`,`sender_type`,`title`,`content`,`ref_type`,`ref_no`,`is_read`,`delete_flag`,`create_time`,`update_time`) VALUES (12,1,1,'评论修改成功','您的评论已重新提交，等待管理员审核后即可查看评论。','comment','6',1,0,'2026-03-22 11:21:38','2026-03-22 11:38:15');
INSERT INTO `user_message`(`id`,`user_id`,`sender_type`,`title`,`content`,`ref_type`,`ref_no`,`is_read`,`delete_flag`,`create_time`,`update_time`) VALUES (13,1,3,'评论审核通过','您的评论审核已通过，现已展示在商品评论区。','product','17',1,0,'2026-03-22 11:21:45','2026-03-22 11:38:15');
INSERT INTO `user_message`(`id`,`user_id`,`sender_type`,`title`,`content`,`ref_type`,`ref_no`,`is_read`,`delete_flag`,`create_time`,`update_time`) VALUES (14,1,2,'订单已发货','您的订单 O2035558103906414592 已由商家发货，请留意物流信息。','order','O2035558103906414592',1,0,'2026-03-22 11:25:54','2026-03-22 11:38:15');
INSERT INTO `user_message`(`id`,`user_id`,`sender_type`,`title`,`content`,`ref_type`,`ref_no`,`is_read`,`delete_flag`,`create_time`,`update_time`) VALUES (15,1,2,'订单已发货','您的订单 O2035561594385235968 已由商家发货，请留意物流信息。','order','O2035561594385235968',1,0,'2026-03-22 11:38:46','2026-03-22 16:55:18');
INSERT INTO `user_message`(`id`,`user_id`,`sender_type`,`title`,`content`,`ref_type`,`ref_no`,`is_read`,`delete_flag`,`create_time`,`update_time`) VALUES (16,1,1,'售后申请已提交','您的售后申请已提交，商家会尽快处理。','after_sale','AS2035623286817341440',1,0,'2026-03-22 15:43:06','2026-03-22 16:55:18');
INSERT INTO `user_message`(`id`,`user_id`,`sender_type`,`title`,`content`,`ref_type`,`ref_no`,`is_read`,`delete_flag`,`create_time`,`update_time`) VALUES (17,1,2,'售后退款已完成','您的售后申请已处理完成，请注意查收退款。','after_sale','AS2035623286817341440',1,0,'2026-03-22 15:43:39','2026-03-22 16:55:18');
INSERT INTO `user_message`(`id`,`user_id`,`sender_type`,`title`,`content`,`ref_type`,`ref_no`,`is_read`,`delete_flag`,`create_time`,`update_time`) VALUES (18,1,3,'管理员裁决未通过','管理员审核后未支持您的售后申请，可继续与商家沟通。','after_sale','AS1774148206693',1,0,'2026-03-22 16:30:47','2026-03-22 16:55:18');
INSERT INTO `user_message`(`id`,`user_id`,`sender_type`,`title`,`content`,`ref_type`,`ref_no`,`is_read`,`delete_flag`,`create_time`,`update_time`) VALUES (19,1,3,'管理员裁决未通过','管理员审核后未支持您的售后申请，可继续与商家沟通。','after_sale','AS1774148206693',1,0,'2026-03-22 16:31:05','2026-03-22 16:31:25');
INSERT INTO `user_message`(`id`,`user_id`,`sender_type`,`title`,`content`,`ref_type`,`ref_no`,`is_read`,`delete_flag`,`create_time`,`update_time`) VALUES (20,1,2,'订单已发货','您的订单 O2035641782250999808 已由商家发货，请留意物流信息。','order','O2035641782250999808',1,0,'2026-03-22 16:57:35','2026-03-26 04:01:34');
INSERT INTO `user_message`(`id`,`user_id`,`sender_type`,`title`,`content`,`ref_type`,`ref_no`,`is_read`,`delete_flag`,`create_time`,`update_time`) VALUES (21,1,1,'售后申请已提交','您的售后申请已提交，商家会尽快处理。','after_sale','AS2035642282887319552',1,0,'2026-03-22 16:58:35','2026-03-26 04:01:34');
INSERT INTO `user_message`(`id`,`user_id`,`sender_type`,`title`,`content`,`ref_type`,`ref_no`,`is_read`,`delete_flag`,`create_time`,`update_time`) VALUES (22,1,2,'商家已同意退货退款','请尽快上传退货快递单号，商家签收后将完成退款。','after_sale','AS2035642282887319552',1,0,'2026-03-22 16:58:59','2026-03-26 04:01:34');
INSERT INTO `user_message`(`id`,`user_id`,`sender_type`,`title`,`content`,`ref_type`,`ref_no`,`is_read`,`delete_flag`,`create_time`,`update_time`) VALUES (23,1,1,'退货物流已提交','已提交退货物流信息，请等待商家确认收货并退款。','after_sale','AS2035642282887319552',1,0,'2026-03-22 17:00:40','2026-03-26 04:01:34');
INSERT INTO `user_message`(`id`,`user_id`,`sender_type`,`title`,`content`,`ref_type`,`ref_no`,`is_read`,`delete_flag`,`create_time`,`update_time`) VALUES (24,1,2,'退货已签收，退款完成','商家已确认收到您的退货，退款已处理完成。','after_sale','AS2035642282887319552',1,0,'2026-03-22 17:04:42','2026-03-26 04:01:34');
INSERT INTO `user_message`(`id`,`user_id`,`sender_type`,`title`,`content`,`ref_type`,`ref_no`,`is_read`,`delete_flag`,`create_time`,`update_time`) VALUES (25,1,3,'管理员裁决通过','管理员已裁决支持您的售后申请，当前售后已完成。','after_sale','AS1774149739532',1,0,'2026-03-22 17:05:08','2026-03-26 04:01:34');
INSERT INTO `user_message`(`id`,`user_id`,`sender_type`,`title`,`content`,`ref_type`,`ref_no`,`is_read`,`delete_flag`,`create_time`,`update_time`) VALUES (26,1,3,'管理员裁决未通过','管理员审核后未支持您的售后申请，可继续与商家沟通。','after_sale','AS1774148206693',1,0,'2026-03-22 17:05:12','2026-03-26 04:01:34');
INSERT INTO `user_message`(`id`,`user_id`,`sender_type`,`title`,`content`,`ref_type`,`ref_no`,`is_read`,`delete_flag`,`create_time`,`update_time`) VALUES (27,1,3,'管理员裁决未通过','管理员审核后未支持您的售后申请，可继续与商家沟通。','after_sale','AS1774148206693',1,0,'2026-03-22 17:05:17','2026-03-26 04:01:34');
INSERT INTO `user_message`(`id`,`user_id`,`sender_type`,`title`,`content`,`ref_type`,`ref_no`,`is_read`,`delete_flag`,`create_time`,`update_time`) VALUES (28,1,3,'管理员裁决通过','管理员已裁决支持您的售后申请，当前售后已完成。','after_sale','AS1774148206693',1,0,'2026-03-22 18:32:36','2026-03-26 04:01:34');
INSERT INTO `user_message`(`id`,`user_id`,`sender_type`,`title`,`content`,`ref_type`,`ref_no`,`is_read`,`delete_flag`,`create_time`,`update_time`) VALUES (29,1,1,'售后申请已提交','您的售后申请已提交，商家会尽快处理。','after_sale','AS2035703329170001920',1,0,'2026-03-22 21:01:09','2026-03-26 04:01:34');
INSERT INTO `user_message`(`id`,`user_id`,`sender_type`,`title`,`content`,`ref_type`,`ref_no`,`is_read`,`delete_flag`,`create_time`,`update_time`) VALUES (30,1,2,'商家已同意退货退款','请尽快上传退货快递单号，商家签收后将完成退款。','after_sale','AS2035703329170001920',1,0,'2026-03-22 21:02:02','2026-03-22 21:02:14');
INSERT INTO `user_message`(`id`,`user_id`,`sender_type`,`title`,`content`,`ref_type`,`ref_no`,`is_read`,`delete_flag`,`create_time`,`update_time`) VALUES (31,1,1,'退货物流已提交','已提交退货物流信息，请等待商家确认收货并退款。','after_sale','AS2035703329170001920',1,0,'2026-03-22 21:02:28','2026-03-26 04:01:34');
INSERT INTO `user_message`(`id`,`user_id`,`sender_type`,`title`,`content`,`ref_type`,`ref_no`,`is_read`,`delete_flag`,`create_time`,`update_time`) VALUES (32,1,2,'退货已签收，退款完成','商家已确认收到您的退货，退款已处理完成。','after_sale','AS2035703329170001920',1,0,'2026-03-22 21:02:58','2026-03-26 04:01:34');
INSERT INTO `user_message`(`id`,`user_id`,`sender_type`,`title`,`content`,`ref_type`,`ref_no`,`is_read`,`delete_flag`,`create_time`,`update_time`) VALUES (33,1,2,'订单已发货','您的订单 O2036859784271114240 已由商家发货，请留意物流信息。','order','O2036859784271114240',1,0,'2026-03-26 01:37:49','2026-03-26 04:01:34');
INSERT INTO `user_message`(`id`,`user_id`,`sender_type`,`title`,`content`,`ref_type`,`ref_no`,`is_read`,`delete_flag`,`create_time`,`update_time`) VALUES (34,1,1,'售后申请已提交','您的售后申请已提交，商家会尽快处理。','after_sale','AS2036860441719877632',1,0,'2026-03-26 01:39:07','2026-03-26 04:01:34');
INSERT INTO `user_message`(`id`,`user_id`,`sender_type`,`title`,`content`,`ref_type`,`ref_no`,`is_read`,`delete_flag`,`create_time`,`update_time`) VALUES (35,1,2,'商家回复了您的售后申请','好的亲','after_sale','AS2036860441719877632',1,0,'2026-03-26 01:40:02','2026-03-26 04:01:34');
INSERT INTO `user_message`(`id`,`user_id`,`sender_type`,`title`,`content`,`ref_type`,`ref_no`,`is_read`,`delete_flag`,`create_time`,`update_time`) VALUES (36,1,2,'商家已同意退货退款','请尽快上传退货快递单号，商家签收后将完成退款。','after_sale','AS2036860441719877632',1,0,'2026-03-26 01:43:21','2026-03-26 04:01:34');
INSERT INTO `user_message`(`id`,`user_id`,`sender_type`,`title`,`content`,`ref_type`,`ref_no`,`is_read`,`delete_flag`,`create_time`,`update_time`) VALUES (37,1,1,'退货物流已提交','已提交退货物流信息，请等待商家确认收货并退款。','after_sale','AS2036860441719877632',1,0,'2026-03-26 02:16:14','2026-03-26 04:01:34');
INSERT INTO `user_message`(`id`,`user_id`,`sender_type`,`title`,`content`,`ref_type`,`ref_no`,`is_read`,`delete_flag`,`create_time`,`update_time`) VALUES (38,1,2,'退货已签收，退款完成','商家已确认收到您的退货，退款已处理完成。','after_sale','AS2036860441719877632',1,0,'2026-03-26 02:16:37','2026-03-26 04:01:34');
INSERT INTO `user_message`(`id`,`user_id`,`sender_type`,`title`,`content`,`ref_type`,`ref_no`,`is_read`,`delete_flag`,`create_time`,`update_time`) VALUES (39,1,2,'订单已发货','您的订单 O2036870162166214656 已由商家发货，请留意物流信息。','order','O2036870162166214656',1,0,'2026-03-26 02:18:28','2026-03-26 04:01:34');
INSERT INTO `user_message`(`id`,`user_id`,`sender_type`,`title`,`content`,`ref_type`,`ref_no`,`is_read`,`delete_flag`,`create_time`,`update_time`) VALUES (40,1,1,'售后申请已提交','您的售后申请已提交，商家会尽快处理。','after_sale','AS2036879655792939008',1,0,'2026-03-26 02:55:28','2026-03-26 04:01:34');
INSERT INTO `user_message`(`id`,`user_id`,`sender_type`,`title`,`content`,`ref_type`,`ref_no`,`is_read`,`delete_flag`,`create_time`,`update_time`) VALUES (41,1,2,'商家回复了您的售后申请','已经收到您的申请了','after_sale','AS2036879655792939008',1,0,'2026-03-26 02:55:50','2026-03-26 04:01:34');
INSERT INTO `user_message`(`id`,`user_id`,`sender_type`,`title`,`content`,`ref_type`,`ref_no`,`is_read`,`delete_flag`,`create_time`,`update_time`) VALUES (42,1,2,'商家已同意退货退款','请尽快上传退货快递单号，商家签收后将完成退款。','after_sale','AS2036879655792939008',1,0,'2026-03-26 02:57:17','2026-03-26 04:01:34');
INSERT INTO `user_message`(`id`,`user_id`,`sender_type`,`title`,`content`,`ref_type`,`ref_no`,`is_read`,`delete_flag`,`create_time`,`update_time`) VALUES (43,1,1,'退货物流已提交','已提交退货物流信息，请等待商家确认收货并退款。','after_sale','AS2036879655792939008',1,0,'2026-03-26 02:57:35','2026-03-26 04:01:34');
INSERT INTO `user_message`(`id`,`user_id`,`sender_type`,`title`,`content`,`ref_type`,`ref_no`,`is_read`,`delete_flag`,`create_time`,`update_time`) VALUES (44,1,2,'退货已签收，退款完成','商家已确认收到您的退货，退款已处理完成。','after_sale','AS2036879655792939008',1,0,'2026-03-26 03:08:14','2026-03-26 04:01:34');
INSERT INTO `user_message`(`id`,`user_id`,`sender_type`,`title`,`content`,`ref_type`,`ref_no`,`is_read`,`delete_flag`,`create_time`,`update_time`) VALUES (45,1,2,'订单已发货','您的订单 O2036882988180164608 已由商家发货，请留意物流信息。','order','O2036882988180164608',1,0,'2026-03-26 03:09:27','2026-03-26 04:01:34');
INSERT INTO `user_message`(`id`,`user_id`,`sender_type`,`title`,`content`,`ref_type`,`ref_no`,`is_read`,`delete_flag`,`create_time`,`update_time`) VALUES (46,1,1,'售后申请已提交','您的售后申请已提交，商家会尽快处理。','after_sale','AS2036884058616877056',1,0,'2026-03-26 03:12:57','2026-03-26 04:01:34');
INSERT INTO `user_message`(`id`,`user_id`,`sender_type`,`title`,`content`,`ref_type`,`ref_no`,`is_read`,`delete_flag`,`create_time`,`update_time`) VALUES (47,1,2,'商家回复了您的售后申请','.。','after_sale','AS2036884058616877056',1,0,'2026-03-26 03:25:28','2026-03-26 04:01:34');
INSERT INTO `user_message`(`id`,`user_id`,`sender_type`,`title`,`content`,`ref_type`,`ref_no`,`is_read`,`delete_flag`,`create_time`,`update_time`) VALUES (48,1,2,'商家已同意退货退款','请尽快上传退货快递单号，商家签收后将完成退款。','after_sale','AS2036884058616877056',1,0,'2026-03-26 03:25:42','2026-03-26 04:01:34');
INSERT INTO `user_message`(`id`,`user_id`,`sender_type`,`title`,`content`,`ref_type`,`ref_no`,`is_read`,`delete_flag`,`create_time`,`update_time`) VALUES (49,1,1,'退货物流已提交','已提交退货物流信息，请等待商家确认收货并退款。','after_sale','AS2036884058616877056',1,0,'2026-03-26 03:25:50','2026-03-26 04:01:34');
INSERT INTO `user_message`(`id`,`user_id`,`sender_type`,`title`,`content`,`ref_type`,`ref_no`,`is_read`,`delete_flag`,`create_time`,`update_time`) VALUES (50,1,2,'退货已签收，退款完成','商家已确认收到您的退货，退款已处理完成。','after_sale','AS2036884058616877056',1,0,'2026-03-26 03:25:56','2026-03-26 04:01:34');
INSERT INTO `user_message`(`id`,`user_id`,`sender_type`,`title`,`content`,`ref_type`,`ref_no`,`is_read`,`delete_flag`,`create_time`,`update_time`) VALUES (51,1,2,'订单已发货','您的订单 O2036887422532489216 已由商家发货，请留意物流信息。','order','O2036887422532489216',1,0,'2026-03-26 03:26:35','2026-03-26 04:01:34');
INSERT INTO `user_message`(`id`,`user_id`,`sender_type`,`title`,`content`,`ref_type`,`ref_no`,`is_read`,`delete_flag`,`create_time`,`update_time`) VALUES (52,1,1,'售后申请已提交','您的售后申请已提交，商家会尽快处理。','after_sale','AS2036887631492714496',1,0,'2026-03-26 03:27:09','2026-03-26 04:01:34');
INSERT INTO `user_message`(`id`,`user_id`,`sender_type`,`title`,`content`,`ref_type`,`ref_no`,`is_read`,`delete_flag`,`create_time`,`update_time`) VALUES (53,1,2,'商家已同意退货退款','请尽快上传退货快递单号，商家签收后将完成退款。','after_sale','AS2036887631492714496',1,0,'2026-03-26 03:33:38','2026-03-26 04:01:34');
INSERT INTO `user_message`(`id`,`user_id`,`sender_type`,`title`,`content`,`ref_type`,`ref_no`,`is_read`,`delete_flag`,`create_time`,`update_time`) VALUES (54,1,1,'退货物流已提交','已提交退货物流信息，请等待商家确认收货并退款。','after_sale','AS2036887631492714496',1,0,'2026-03-26 03:33:50','2026-03-26 04:01:34');
INSERT INTO `user_message`(`id`,`user_id`,`sender_type`,`title`,`content`,`ref_type`,`ref_no`,`is_read`,`delete_flag`,`create_time`,`update_time`) VALUES (55,1,2,'退货已签收，退款完成','商家已确认收到您的退货，退款已处理完成。','after_sale','AS2036887631492714496',1,0,'2026-03-26 03:34:02','2026-03-26 04:01:34');
INSERT INTO `user_message`(`id`,`user_id`,`sender_type`,`title`,`content`,`ref_type`,`ref_no`,`is_read`,`delete_flag`,`create_time`,`update_time`) VALUES (56,1,2,'订单已发货','您的订单 O2036889565284962304 已由商家发货，请留意物流信息。','order','O2036889565284962304',1,0,'2026-03-26 03:35:12','2026-03-26 04:01:34');
INSERT INTO `user_message`(`id`,`user_id`,`sender_type`,`title`,`content`,`ref_type`,`ref_no`,`is_read`,`delete_flag`,`create_time`,`update_time`) VALUES (57,1,1,'售后申请已提交','您的售后申请已提交，商家会尽快处理。','after_sale','AS2036889811767431168',1,0,'2026-03-26 03:35:49','2026-03-26 04:01:34');
INSERT INTO `user_message`(`id`,`user_id`,`sender_type`,`title`,`content`,`ref_type`,`ref_no`,`is_read`,`delete_flag`,`create_time`,`update_time`) VALUES (58,1,2,'售后申请未通过','不行','after_sale','AS2036889811767431168',1,0,'2026-03-26 03:36:06','2026-03-26 04:01:34');
INSERT INTO `user_message`(`id`,`user_id`,`sender_type`,`title`,`content`,`ref_type`,`ref_no`,`is_read`,`delete_flag`,`create_time`,`update_time`) VALUES (59,1,1,'已申请管理员介入','平台已介入处理，请在售后详情中关注裁决结果。','after_sale','AS2036889811767431168',1,0,'2026-03-26 03:36:15','2026-03-26 04:01:34');
INSERT INTO `user_message`(`id`,`user_id`,`sender_type`,`title`,`content`,`ref_type`,`ref_no`,`is_read`,`delete_flag`,`create_time`,`update_time`) VALUES (60,1,3,'管理员裁决通过','管理员已裁决支持您的售后申请，当前售后已完成。','after_sale','AS2036889811767431168',1,0,'2026-03-26 03:36:44','2026-03-26 04:01:34');
SET FOREIGN_KEY_CHECKS = 1;
